,aggregate_1,aggregate_2,aggregate_3,aggregate_4,aggregate_5,aggregate_6,aggregate_7,aggregate_8,aggregate_9,aggregate_10,aggregate_11,aggregate_12,fraction_1,fraction_2,fraction_3,fraction_4,fraction_5,fraction_6,fraction_7,fraction_8,fraction_9,fraction_10,fraction_11,fraction_12,fraction_13,fraction_14,fraction_15,fraction_16,fraction_17,fraction_18,fraction_19,fraction_20,fraction_21,fraction_22,fraction_23,fraction_24,hvac_1,hvac_2,hvac_3,hvac_4,hvac_5,hvac_6,hvac_7,hvac_8,hvac_9,hvac_10,hvac_11,hvac_12,fridge_1,fridge_2,fridge_3,fridge_4,fridge_5,fridge_6,fridge_7,fridge_8,fridge_9,fridge_10,fridge_11,fridge_12,wm_1,wm_2,wm_3,wm_4,wm_5,wm_6,wm_7,wm_8,wm_9,wm_10,wm_11,wm_12,furnace_1,furnace_2,furnace_3,furnace_4,furnace_5,furnace_6,furnace_7,furnace_8,furnace_9,furnace_10,furnace_11,furnace_12,dw_1,dw_2,dw_3,dw_4,dw_5,dw_6,dw_7,dw_8,dw_9,dw_10,dw_11,dw_12,dr_1,dr_2,dr_3,dr_4,dr_5,dr_6,dr_7,dr_8,dr_9,dr_10,dr_11,dr_12,light_1,light_2,light_3,light_4,light_5,light_6,light_7,light_8,light_9,light_10,light_11,light_12,mins_hvac,autocorr,max_seasonal,stdev_seasonal,max_trend,stdev_trend,disag_fridge,area,num_rooms,total_occupants
26,534.915893555,408.059631348,401.902648926,501.315460205,972.204406738,1459.76623535,1376.04943848,1734.19555664,1435.45336914,1043.31774902,726.693359375,813.220214844,0.92961204052,0.899249315262,0.855963587761,1.0,0.79505687952,0.567863881588,0.423032581806,0.353334933519,0.311117261648,0.283297389746,0.26981574297,0.268516719341,0.307207047939,0.230890110135,0.215402662754,0.221499621868,0.2499922961,0.264338970184,0.330261796713,0.476827681065,0.599519371986,0.518585681915,0.469806164503,0.638272643089,8.06094074249,2.26819109917,16.5326366425,47.9294433594,252.918914795,624.465026855,639.564880371,821.793701172,582.372009277,263.120178223,47.6716575623,0.548062980175,0.0,0.0,0.0,0.0,0.0,0.0945539996028,0.0,0.0,0.0,0.0,30.697971344,46.7932319641,,,,,,,,,,,,,0.0,0.0,0.0,0.0,0.0,0.0,0.0,0.0,0.0,0.0,16.0338554382,26.9863109589,0.0,0.0,0.0,0.0,0.0,0.0163880009204,0.0,0.0,0.0,0.0,7.80356121063,10.5904226303,,,,,,,,,,,,,0.0,0.0,0.0,0.0,0.0,0.102577999234,0.0,0.0,0.0,0.0,46.1503944397,140.311767578,72423.0,0.521017126283,1619.10490476,661.326512123,3230.34373824,655.072516731,2078512.0,2047.0,6.0,4.0
94,559.812927246,385.641143799,419.379150391,380.643280029,430.320739746,587.913879395,644.695800781,465.078521729,588.891967773,406.837554932,339.011505127,316.998596191,0.712380588055,0.826072275639,0.92966645956,1.0,0.998377799988,0.765089809895,0.667377591133,0.538793444633,0.489481776953,0.450319588184,0.438988357782,0.49492546916,0.475349485874,0.434646606445,0.351040959358,0.292207628489,0.316697925329,0.357428520918,0.350104868412,0.377402633429,0.380011707544,0.413793087006,0.688038170338,0.664072155952,1.13315200806,0.000339999998687,0.0525810010731,1.94191002846,35.3420982361,118.666191101,129.481460571,88.7382354736,104.127075195,25.6043300629,3.37774705887,3.2244579792,48.3241157532,40.6596984863,47.6957435608,49.9066123962,57.8110351562,58.6554908752,61.851524353,64.0620346069,60.3739547729,57.1977233887,47.9228973389,46.7512588501,2.28976392746,0.916231989861,2.47086501122,4.16430330276,1.54771399498,2.11342310905,2.04078197479,1.69704198837,3.41900610924,0.84549498558,4.26057386398,2.0916800499,22.8770866394,13.0824689865,11.8903779984,18.0380382538,18.5330257416,28.6680698395,30.9687652588,23.5153865814,27.2404098511,12.8856945038,10.6612100601,24.7054042816,4.95278024673,1.0578930378,1.95085203648,3.95969104767,4.38972330093,1.52063298225,2.47878694534,0.650335013866,3.0940849781,5.3923830986,2.30440115929,5.24841022491,12.9183511734,9.36740779877,9.1910161972,10.7425889969,11.020980835,6.3555688858,6.49508810043,2.93700504303,9.93204593658,4.26788425446,10.7600650787,17.1886825562,0.0,0.0,0.0,0.0,0.0,0.102577999234,0.0,0.0,0.0,0.0,46.1503944397,140.311767578,28509.0,0.378661377626,514.163603147,230.487570835,1654.51319965,232.776309188,1898458.0,1713.0,3.0,2.0
252,1455.10229492,806.494140625,1240.78515625,1385.44580078,2350.59033203,2997.53393555,2261.58813477,2258.89208984,1832.88696289,1322.90307617,1102.99060059,1119.47998047,1.0,0.951454341412,0.856954932213,0.732342541218,0.583688616753,0.505020260811,0.471838265657,0.457015931606,0.447512716055,0.424957066774,0.391768276691,0.396166265011,0.450332164764,0.527394354343,0.598918616772,0.670006871223,0.696735143661,0.688467979431,0.71040725708,0.724278569221,0.796500325203,0.860437631607,0.89629983902,0.972920835018,1.13315200806,0.000339999998687,0.0525810010731,1.94191002846,35.3420982361,118.666191101,129.481460571,88.7382354736,104.127075195,25.6043300629,3.37774705887,3.2244579792,,,,,,,,,,,,,,,,,,,,,,,,,,,,,,,,,,,,,,,,,,,,,,,,,,,,,,,,,,,,,0.0,0.0,0.0,0.0,0.0,0.102577999234,0.0,0.0,0.0,0.0,46.1503944397,140.311767578,,0.54560328501,1156.35769142,644.112065271,5587.84203339,1034.86261374,2317450.0,2700.0,4.0,4.0
370,879.270324707,807.491271973,756.234924316,771.024353027,1302.82971191,1909.64135742,1948.6895752,2658.14990234,1965.10839844,1365.27941895,964.706359863,762.09362793,0.958464801311,0.94002366066,0.969006717205,0.928153753281,1.0,0.877892553806,0.680630207062,0.526850104332,0.427213460207,0.39515131712,0.443772107363,0.460081160069,0.48397731781,0.507228195667,0.645749509335,0.715382993221,0.746762275696,0.766802668571,0.821174740791,0.897279441357,0.953428268433,0.860126256943,0.863870024681,0.896003067493,1.43208003044,1.45193600655,1.62455403805,2.10760903358,275.581604004,815.937805176,833.662353516,1169.24938965,783.030151367,333.768096924,37.9759941101,1.67703306675,48.1593513489,45.6737632751,47.8109016418,46.7073974609,47.8599662781,44.2533111572,53.1141395569,52.1665916443,49.6650772095,49.9816169739,45.9724197388,7.94981193542,4.97756624222,5.49982309341,6.4215631485,7.1338801384,5.45917606354,5.68599033356,5.40948486328,4.89506530762,3.8436319828,5.21944189072,10.1617164612,1.49353504181,30.081993103,25.1274452209,19.622335434,32.9120864868,95.7402114868,241.520019531,308.036682129,413.595733643,287.24621582,154.779907227,35.1201629639,7.53598117828,17.2137069702,20.5170459747,15.9066619873,12.8609256744,26.1435871124,14.3517570496,9.24679279327,18.5798435211,8.787317276,9.72379589081,16.9679374695,2.65167713165,48.9840202332,61.0372619629,56.9575996399,72.6376190186,62.749042511,71.798789978,59.6843986511,55.2547454834,42.4658126831,46.7699584961,112.047492981,14.7927885056,0.0,0.0,0.0,0.0,0.0,0.0,0.0,0.0,0.0,0.0,0.0,0.0,104339.0,0.505477757929,705.017689937,478.360700191,4714.92011388,979.067749741,2128680.0,2682.0,8.0,2.0
410,347.214996338,239.300384521,235.6953125,271.780029297,430.639709473,775.190307617,889.972717285,998.072265625,682.868774414,444.452026367,334.632080078,542.285644531,0.742520093918,0.639920413494,0.66800737381,0.789019525051,1.0,0.617026805878,0.45063829422,0.401018738747,0.369350463152,0.35194081068,0.325890362263,0.307473927736,0.276914745569,0.338365405798,0.341143965721,0.299874335527,0.290654659271,0.310039430857,0.293234407902,0.350242942572,0.492214530706,0.525484740734,0.574927866459,0.664285600185,0.167433008552,0.136815994978,0.949160993099,11.7707834244,145.884658813,459.6378479,511.527160645,589.161743164,333.388153076,101.821739197,0.132464006543,0.159341007471,26.8555965424,24.4879055023,27.7873325348,34.9481582642,43.9401550293,44.9379386902,46.7652320862,49.4038200378,44.7773704529,51.341342926,40.0786743164,49.1758651733,,,,,,,,,,,,,35.0479469299,15.2577724457,12.9442596436,8.5684595108,28.3679847717,75.4300689697,84.1133651733,93.729888916,56.6297035217,19.9620285034,16.8829212189,41.1496734619,,,,,,,,,,,,,107.803634644,68.1294937134,76.2138748169,62.6072273254,17.4479846954,1.42891800404,1.70110499859,48.13621521,51.4464035034,57.3168945312,79.4954147339,88.3503265381,0.0,0.0,0.0,0.0,0.0,0.0,0.0,0.0,0.0,0.0,0.0,0.0,42706.0,0.298126393334,969.353569868,283.718718424,2273.30660025,425.307331111,1887364.0,1299.0,8.0,2.0
545,699.864013672,670.649719238,754.993286133,696.883361816,1226.83410645,1940.21508789,1791.53942871,2202.53149414,1438.03234863,1099.36645508,573.181884766,800.50012207,0.809619069099,0.735339283943,0.64312851429,0.483397781849,0.401896178722,0.345802932978,0.312313079834,0.324781388044,0.348320871592,0.426447212696,0.459640771151,0.304279506207,0.322665929794,0.354333490133,0.412499219179,0.447880089283,0.529220402241,0.626895427704,0.691366016865,0.817167460918,0.933789491653,1.0,0.990076124668,0.939000546932,4.56694793701,1.54064202309,32.2791938782,108.417007446,379.72354126,955.640014648,890.840698242,1146.28417969,707.87322998,337.926300049,8.04596424103,1.80631804466,37.5438537598,35.6025924683,41.9303474426,40.2389335632,48.8307991028,53.9377365112,56.7508468628,57.4432373047,50.8983917236,52.1688690186,38.2020759583,28.4170131683,9.41167640686,10.6369342804,12.7620534897,9.10946750641,12.6376981735,13.2664089203,7.24244213104,15.4200878143,6.89319419861,11.1660423279,4.4907541275,10.9136428833,64.0130386353,25.6887512207,34.2506141663,48.8469848633,144.602310181,289.68069458,271.705383301,332.902374268,223.565032959,121.765716553,49.5931663513,91.9996337891,16.5520172119,16.4683933258,18.1248893738,12.4921445847,18.0270900726,15.841501236,12.6292495728,18.67927742,13.1806106567,19.2509021759,8.89873504639,17.1080360413,,,,,,,,,,,,,0.0,0.0,0.0,0.0,0.0,0.0,0.0,0.0,0.0,0.0,0.0,0.0,98437.0,0.54378040956,1224.65104681,634.707593657,3883.4083341,838.588487603,2148030.0,2445.0,12.0,2.0
624,509.132843018,258.300506592,239.295806885,266.671600342,368.332214355,613.53717041,808.440368652,768.58013916,602.243774414,389.846801758,406.7762146,727.159973145,0.837637960911,0.757189393044,0.681674182415,0.628749132156,0.452208459377,0.383574843407,0.342790663242,0.325888901949,0.326195597649,0.311436802149,0.327829807997,0.491500347853,0.646443009377,0.552295386791,0.459319978952,0.454216301441,0.523215174675,0.529464364052,0.530654728413,0.549697220325,0.720215022564,0.780432939529,1.0,0.927938938141,178.755523682,8.7733259201,0.000153000000864,10.3613471985,78.7397537231,315.469696045,416.251861572,420.38104248,263.172515869,59.0225563049,73.328704834,190.232437134,29.4299411774,29.8367176056,33.2271308899,35.1390838623,39.6250953674,40.4487113953,39.1233596802,43.9896240234,41.674156189,42.1280250549,31.2605018616,16.8868999481,2.56688094139,2.27759194374,2.08299303055,2.25442099571,2.49993515015,2.02486991882,2.40728497505,2.35246014595,2.43548798561,2.48052096367,2.22244405746,1.13231897354,27.5760231018,15.4277553558,13.4021034241,18.1507987976,27.1548309326,47.5517196655,72.0277633667,60.9927368164,42.518497467,30.8610019684,26.7271957397,24.5199680328,22.1898784637,21.830499649,18.2570304871,22.8358955383,20.8881893158,19.2808055878,14.7384567261,20.9435405731,22.9025192261,20.1369590759,0.869890034199,6.68989133835,0.0,0.0,0.0,0.0,0.0,0.0,0.0,0.0,0.0,6.09971904755,0.0974610000849,11.3849172592,69.3731918335,57.415763855,55.0268440247,56.7032623291,65.651008606,59.8840942383,72.0210266113,68.1798934937,79.6134643555,47.6071243286,16.5378379822,9.9491481781,59696.0,0.397355782359,488.026059973,220.682900266,2633.40592241,349.615009985,1932084.0,2100.0,7.0,4.0
871,593.218200684,510.632568359,572.938659668,576.606506348,638.709106445,889.021362305,865.280822754,1017.44390869,758.514038086,528.754821777,574.11328125,692.386047363,0.802765250206,0.957527577877,0.976989090443,0.96075552702,0.726551413536,0.53984028101,0.433734834194,0.38919955492,0.370061218739,0.349809169769,0.349195241928,0.500486075878,0.748938262463,0.94421672821,0.774190843105,0.662748277187,0.743478238583,0.737996280193,0.736854314804,0.65140491724,0.66259175539,1.0,0.975034475327,0.92377448082,28.8109035492,26.1160469055,28.8948669434,28.1364631653,81.0820617676,303.241821289,329.422332764,422.175384521,266.699188232,79.8574676514,33.912689209,29.4484195709,35.0636062622,64.7787017822,78.8588867188,78.5475463867,43.6383705139,0.523667991161,0.214285001159,0.704632997513,45.9373855591,68.3160324097,58.5562782288,54.3939323425,1.06773602962,2.06561899185,2.28775811195,3.16716814041,2.2803800106,1.90796101093,1.84706699848,2.41894698143,1.89006006718,1.31869006157,2.09215593338,3.16048693657,14.2952318192,23.5594673157,19.9823951721,14.1886253357,24.1822967529,72.302772522,79.534538269,92.4621887207,64.8102416992,19.8323020935,25.7153224945,47.1081047058,0.0,0.0,0.0,0.0,0.0,0.0,0.0,0.0,8.75581645966,11.4817657471,22.4505062103,19.9249687195,19.3538379669,45.6210975647,63.0253601074,63.4202842712,48.5263824463,40.9201049805,34.2613067627,51.981174469,39.6478614807,39.8551063538,67.6257629395,91.0013275146,13.9118146896,33.8252906799,31.6956501007,45.8072166443,59.242893219,70.2065658569,62.7899589539,67.2906570435,15.2242479324,0.0,0.0,0.0,44673.0,0.243517602855,550.51860314,278.405626581,2088.38748948,334.859446725,2099440.0,1652.0,8.0,4.0
1169,563.075317383,388.092285156,484.547607422,387.390625,531.063964844,1082.44616699,989.381469727,851.158447266,776.004394531,517.094909668,428.084625244,374.37210083,0.934077560902,0.86618489027,0.747997760773,0.639361083508,0.469632655382,0.34749981761,0.302505016327,0.274438172579,0.258505374193,0.252177476883,0.252240002155,0.259208470583,0.319248378277,0.343395680189,0.360386550426,0.414774060249,0.480589896441,0.586131989956,0.818982481956,0.726505637169,0.714369773865,1.0,0.964788794518,0.960175871849,0.0,0.0,0.0,0.0,0.0,0.0,0.0,0.0,0.0,3.6843931675,0.788901984692,0.815456032753,0.0,0.0,0.0,0.0,0.0,0.0,0.0,0.0,0.0,22.453125,41.6059036255,33.0321388245,0.0,0.0,0.0,0.0,0.0,0.0,0.0,0.0,0.0,0.152235001326,0.663765013218,0.123929999769,0.0,0.0,0.0,0.0,0.0,0.0,0.0,0.0,0.0,3.32234406471,13.7607011795,27.7850208282,0.0,0.0,0.0,0.0,0.0,0.0,0.0,0.0,0.0,1.62111997604,3.2001991272,1.60262405872,0.0,0.0,0.0,0.0,0.0,0.0,0.0,0.0,0.0,4.51756286621,11.3467521667,12.3444480896,0.0,0.0,0.0,0.0,0.0,0.0,0.0,0.0,0.0,8.20127677917,18.7828063965,15.9828901291,0.0,0.378127018022,668.802029405,388.423457937,2518.13888359,422.951723741,1891690.0,1430.0,6.0,2.0
1283,887.49029541,864.846069336,815.372131348,712.561523438,1104.25756836,1137.18481445,1371.61865234,2111.50805664,1674.86315918,1175.38696289,781.008544922,825.588012695,0.965788006783,0.878825724125,0.809001386166,0.756706058979,0.701058924198,0.655444204807,0.603197395802,0.558028042316,0.529109477997,0.510605454445,0.502567231655,0.497553139925,0.547458708286,0.50506657362,0.492290437222,0.516658246517,0.548742592335,0.587182283401,0.636224985123,0.723726034164,0.823598444462,0.900927126408,0.955496907234,1.0,0.0714510008693,0.0746470019221,9.49007987976,74.5857009888,371.440917969,506.097961426,679.166748047,1222.64916992,886.456604004,423.111114502,31.7783889771,0.108817003667,,,,,,,,,,,,,,,,,,,,,,,,,,,,,,,,,,,,,,,,,,,,,,,,,0.0448799990118,0.143428996205,0.338232010603,0.263669997454,0.357136011124,0.492711007595,0.292434006929,0.0685269981623,0.417520016432,0.253011018038,0.0869719982147,0.0469370000064,0.0,0.0,0.0,0.0,0.0,0.0,0.0,0.0,0.0,8.20127677917,18.7828063965,15.9828901291,81842.0,0.647778132512,718.237156719,369.483222925,4264.51803843,655.271175662,2043024.0,2500.0,10.0,5.0
1334,307.864196777,226.051452637,314.047149658,318.607727051,263.513244629,312.818054199,302.7059021,248.782485962,353.104278564,234.46206665,267.034667969,341.524810791,0.840038478374,0.917120456696,0.980077028275,1.0,0.950950562954,0.866307020187,0.645459353924,0.497002154589,0.444431304932,0.429053425789,0.409851700068,0.403573423624,0.38932543993,0.416907340288,0.586101233959,0.579133033752,0.55215638876,0.523932635784,0.530682563782,0.534257531166,0.545446157455,0.614115417004,0.639568626881,0.724359512329,0.150518000126,0.208215996623,0.293675005436,0.202572003007,0.337806999683,45.3923797607,31.1945419312,34.9656181335,50.4660644531,1.15987598896,0.267392992973,0.133976995945,0.0,9.10968780518,78.6190338135,74.0763626099,84.6804504395,92.7899932861,93.8330688477,81.223487854,98.4845199585,76.6226577759,66.2749404907,63.8493499756,,,,,,,,,,,,,44.075340271,15.774266243,14.4584150314,9.55449295044,5.03851127625,11.631280899,9.35671520233,10.3899068832,12.674197197,4.17647504807,30.0854110718,58.6019248962,10.3512487411,7.27569389343,0.0,0.0,0.0,0.0,0.0,0.0,0.0,0.0,0.0,0.0,,,,,,,,,,,,,92.5518035889,75.1142807007,23.8981933594,30.4929676056,34.3237838745,32.1045837402,26.9129390717,13.8376941681,37.0992202759,26.6428260803,26.9595870972,42.2314529419,5017.0,0.255654575401,241.532680979,117.300385426,1654.09201765,154.665931523,1703118.0,1100.0,5.0,2.0
1642,447.488830566,435.971252441,638.865783691,648.414001465,1053.77172852,1505.7545166,1471.12402344,1679.45300293,1362.66589355,792.400024414,550.07611084,561.972839355,0.923351466656,0.83297753334,0.926183760166,0.939477801323,0.783596396446,0.668251991272,0.594311833382,0.540921807289,0.485017299652,0.449352562428,0.391641288996,0.37763234973,0.376751184464,0.351232260466,0.36322298646,0.363926827908,0.376934409142,0.433366179466,0.518684446812,0.554387032986,0.614874124527,0.800493955612,0.902166485786,1.0,0.0093160001561,2.10980200768,9.69365501404,28.2485256195,185.528671265,502.067932129,479.907287598,660.282043457,476.429626465,164.873565674,20.4462242126,0.0522750020027,0.0,0.0,0.0,0.0,0.0,0.0,0.0,0.0,0.0,70.8479919434,140.850708008,91.2167510986,0.0,0.0,0.0,0.0,0.0,0.0,0.0,0.0,0.0,2.34577894211,3.60537695885,3.60743403435,0.0,0.0,0.0,0.0,0.0,0.0,0.0,0.0,0.0,68.9614181519,27.1470451355,30.620059967,0.0,0.0,0.0,0.0,0.0,0.0,0.0,0.0,0.0,4.44951200485,8.44362831116,6.98382091522,,,,,,,,,,,,,0.0,0.0,0.0,0.0,0.0,0.0,0.0,0.0,0.0,0.0,0.0,0.0,63061.0,0.513133255985,875.03959194,448.839534369,3903.71319707,711.300999861,2108298.0,1720.0,11.0,3.0
1697,0.0,0.0,0.0,0.0,0.0,0.0,0.0,0.0,0.0,0.0,0.0,0.0,,,,,,,,,,,,,,,,,,,,,,,,,0.0,0.0,0.0,0.0,0.0,0.0,0.0,0.0,0.0,0.0,0.0,0.0,82.2657928467,74.6036987305,83.2356719971,81.7125244141,84.6380004883,83.9434356689,90.0494766235,91.0496520996,86.6773376465,90.3555603027,84.8903503418,86.3963851929,5.1664018631,3.79030299187,4.00698518753,4.4798913002,3.658162117,3.77989912033,3.60864114761,4.31692886353,4.46875619888,6.07573223114,6.79746723175,5.94862318039,49.3860206604,28.6515789032,50.6842956543,74.0777740479,133.400405884,229.364440918,215.392105103,231.859313965,193.544464111,130.805358887,58.470905304,66.7077941895,33.423614502,17.6497573853,18.98072052,22.0223274231,20.2964878082,19.0662479401,31.3007583618,31.8992595673,35.1496429443,46.4929084778,27.1513462067,25.5665206909,0.0,0.0,0.0,0.0,0.0,0.0,0.0,0.0,0.0,0.0,0.0,0.0,0.0,0.0,0.0,0.0,0.0,0.0,0.0,0.0,0.0,0.0,0.0,0.0,0.0,,0.0,0.0,0.0,0.0,210192.0,2085.0,8.0,4.0
1800,662.039367676,486.96685791,569.320556641,532.184753418,883.029785156,1339.4128418,1440.19189453,1448.35351562,1135.55712891,605.393188477,583.178222656,567.587097168,0.771895051003,0.816291034222,0.994019448757,1.0,0.835564792156,0.663657724857,0.545632719994,0.493439823389,0.451954603195,0.421823620796,0.423032701015,0.410040855408,0.339701324701,0.395137280226,0.395050227642,0.374041259289,0.327249020338,0.329765468836,0.374776035547,0.425561189651,0.494256466627,0.57037872076,0.601068794727,0.793075442314,0.0,0.0,0.0,0.0,0.0,0.0,0.0,0.0,0.0,0.0,0.0,0.0,,,,,,,,,,,,,,,,,,,,,,,,,,,,,,,,,,,,,,,,,,,,,,,,,,,,,,,,,,,,,0.0,0.0,0.0,0.0,0.0,0.0,0.0,0.0,0.0,0.0,0.0,0.0,0.0,0.48401424268,1004.14061265,430.41534594,3104.07535871,601.451138955,2187504.0,2075.0,9.0,1.0
1953,402.578887939,331.53503418,306.748504639,333.473693848,430.561859131,1132.59179688,1136.46057129,1221.66577148,803.799316406,408.559020996,372.789123535,545.382446289,1.0,0.982487142086,0.882827281952,0.799081146717,0.505087196827,0.356634318829,0.297443568707,0.269458413124,0.249964490533,0.232103779912,0.190994143486,0.181484863162,0.380633026361,0.506354093552,0.380483478308,0.291551321745,0.29300865531,0.342713057995,0.451059192419,0.487521320581,0.505225658417,0.567291617393,0.725739836693,0.953948438168,0.0274379998446,0.0501670017838,6.87408590317,17.772310257,112.348464966,638.533630371,605.422668457,676.193481445,383.175201416,84.6336212158,0.919955015182,0.0723860040307,36.9502830505,34.3917312622,35.7624740601,39.2497711182,43.9984321594,43.9596214294,42.242313385,43.2982521057,40.9855041504,38.7649803162,36.7725982666,31.8921031952,,,,,,,,,,,,,53.1855049133,24.0921287537,16.8091754913,9.35115623474,21.9849777222,105.367614746,106.555427551,112.351097107,68.4581680298,18.8011169434,31.2757511139,58.8925552368,,,,,,,,,,,,,,,,,,,,,,,,,50.9759292603,48.4096946716,54.5570793152,51.0727767944,51.2056007385,52.8695259094,54.1688690186,53.93516922,52.5987319946,23.4549350739,0.0,0.0,62175.0,0.411274417382,827.363515906,414.009636209,2986.60311206,567.123409939,1964506.0,1600.0,8.0,2.0
2129,871.519287109,666.277038574,808.880493164,839.51361084,1122.2824707,1703.04968262,1764.66821289,1909.83325195,1568.9675293,1140.80090332,803.306335449,963.048400879,0.969111979008,1.0,0.976281404495,0.905527472496,0.75724285841,0.576078951359,0.48726144433,0.444117158651,0.415048927069,0.399203598499,0.379775673151,0.410734832287,0.516443729401,0.474736124277,0.458998739719,0.459861516953,0.485098719597,0.531529307365,0.555968940258,0.580946445465,0.604778647423,0.731541275978,0.777278125286,0.86503046751,10.0756454468,1.26281106472,48.0916404724,122.545265198,344.335083008,789.619018555,835.208251953,945.836486816,662.707763672,297.439880371,34.3376731873,1.76626598835,,,,,,,,,,,,,,,,,,,,,,,,,,,,,,,,,,,,,,,,,,,,,,,,,,,,,,,,,,,,,50.9759292603,48.4096946716,54.5570793152,51.0727767944,51.2056007385,52.8695259094,54.1688690186,53.93516922,52.5987319946,23.4549350739,0.0,0.0,86701.0,0.525741669058,941.03693909,496.90248782,3501.67013677,638.136712774,2080692.0,2042.0,7.0,2.0
2156,795.117431641,634.237365723,935.371032715,725.307800293,1024.51611328,1295.90161133,1197.41638184,1359.27832031,1082.65197754,691.846862793,745.731262207,781.938415527,0.848298311234,0.871869266033,0.794703245163,0.647896945477,0.543757736683,0.455337822437,0.349227100611,0.27003595233,0.231121957302,0.219150543213,0.222332626581,0.224479645491,0.288456827402,0.539816200733,0.56396228075,0.501935184002,0.654797136784,0.615362107754,0.723783969879,0.805007517338,0.822406888008,0.924623310566,1.0,0.954126298428,115.853134155,49.8971939087,124.183456421,112.408203125,307.734283447,608.746459961,511.780853271,665.231506348,486.904693604,191.167175293,126.263694763,161.198120117,51.3593139648,46.5068855286,56.1611824036,50.8596496582,58.9830665588,53.0432472229,56.8595275879,47.1590881348,56.1574440002,53.7640800476,46.7429275513,42.9643554688,3.44907903671,3.7561841011,3.91544008255,1.9641970396,2.35645508766,7.61834621429,5.4866309166,4.13351583481,2.81572699547,3.36880517006,7.47085428238,7.96745824814,21.8727779388,12.8046379089,25.7702503204,21.3524246216,54.9088287354,111.893882751,92.8871841431,113.548904419,87.8409729004,40.0437393188,26.2660541534,34.1796913147,4.20160102844,2.96566700935,6.01087713242,3.43770599365,3.56007194519,2.42251706123,4.51191902161,5.49037122726,4.51511526108,3.99423503876,17.0694446564,18.6382389069,62.3892860413,50.3668518066,71.4038085938,55.9898910522,67.5565185547,53.7850761414,57.3982048035,60.4951972961,27.9401798248,28.778875351,46.4872817993,52.6774940491,50.9759292603,48.4096946716,54.5570793152,51.0727767944,51.2056007385,52.8695259094,54.1688690186,53.93516922,52.5987319946,23.4549350739,0.0,0.0,46464.0,0.287713458255,964.396279721,541.110248901,3291.30832831,527.722391592,2097720.0,1780.0,7.0,2.0
2233,438.608520508,362.535614014,421.741729736,418.921569824,698.391357422,1246.45349121,1380.23535156,1525.32666016,1107.61730957,718.846618652,512.21282959,591.98248291,0.990884363651,1.0,0.859961152077,0.445311397314,0.440608888865,0.447270274162,0.425147861242,0.390228509903,0.363541156054,0.369702488184,0.370758503675,0.340678364038,0.390969514847,0.354587554932,0.294307380915,0.282418757677,0.291237354279,0.338941812515,0.456895202398,0.60842859745,0.790774285793,0.827449858189,0.933343589306,0.983503520489,0.0,0.0,0.0,0.0,0.0,0.0,0.0,0.0,0.0,0.0,0.0,0.0,0.0,0.0,0.0,0.0,0.0,0.0,0.0,0.0,0.0,0.0,0.0,0.0,0.0,0.0,0.0,0.0,0.0,0.0,0.0,0.0,0.0,0.0,0.0,0.0,0.0,0.0,0.0,0.0,0.0,0.0,0.0,0.0,0.0,0.0,0.0,0.0,0.0,0.0,0.0,0.0,0.0,0.0,0.0,0.0,0.0,0.0,0.0,0.0,,,,,,,,,,,,,50.9759292603,48.4096946716,54.5570793152,51.0727767944,51.2056007385,52.8695259094,54.1688690186,53.93516922,52.5987319946,23.4549350739,0.0,0.0,0.0,0.701306882396,993.393183458,487.804353499,3124.49931431,597.530239676,1866036.0,3300.0,4.0,4.0
2242,1318.31213379,871.900939941,1128.7857666,1160.09301758,1763.82568359,2764.42260742,2802.57885742,2910.15722656,2171.86694336,1285.9708252,1138.13378906,1521.56994629,0.852017700672,0.986698031425,1.0,0.991848170757,0.768217742443,0.46279913187,0.332674086094,0.292535990477,0.272407650948,0.256169289351,0.289075762033,0.467448562384,0.58085244894,0.588212192059,0.534581899643,0.417241692543,0.417177826166,0.41202417016,0.448215544224,0.519948899746,0.546462595463,0.540131270885,0.696532666683,0.801693320274,40.6926116943,27.7079429626,88.5623474121,186.422790527,562.33001709,1240.62097168,1210.21789551,1327.65234375,820.608886719,288.066375732,54.3898353577,29.7387123108,55.5041503906,45.5639801025,58.2892951965,55.6985969543,59.7869110107,68.854675293,64.876914978,61.8659591675,57.4886627197,50.9190139771,53.0642089844,61.8703460693,6.51113605499,4.63503313065,5.44193792343,5.6935210228,7.78261709213,6.97494697571,7.10356903076,6.27811717987,5.10263490677,5.99552631378,5.66999292374,6.66044712067,126.014045715,74.8442382812,70.265625,78.0513839722,205.79234314,428.720092773,437.366638184,470.095306396,335.813842773,118.281517029,97.5451507568,174.336853027,25.6090717316,16.8995475769,23.3759689331,16.5584430695,19.6548728943,24.6726112366,19.8811435699,19.9336051941,17.827287674,13.8194875717,23.0442485809,30.8052921295,117.31640625,80.6011352539,89.759765625,92.4361953735,96.1019515991,102.475135803,107.564849854,93.3067474365,63.8372116089,66.5952606201,80.2725601196,104.380340576,50.9759292603,48.4096946716,54.5570793152,51.0727767944,51.2056007385,52.8695259094,54.1688690186,53.93516922,52.5987319946,23.4549350739,0.0,0.0,162697.0,0.592793527062,1861.77398475,891.251432283,5472.38194784,1118.12984118,2364578.0,3500.0,4.0,2.0
2470,423.367523193,347.877044678,329.892974854,319.045318604,425.697631836,775.455200195,690.19128418,876.720458984,660.190002441,476.443359375,467.7734375,485.974853516,0.486750334501,0.601292073727,0.929106652737,1.0,0.742218852043,0.500413000584,0.40522941947,0.376392662525,0.35279750824,0.323491334915,0.292093485594,0.270649701357,0.28290528059,0.21221344173,0.192378476262,0.215622976422,0.24325029552,0.263391852379,0.226357728243,0.229374140501,0.244163364172,0.283613324165,0.369580984116,0.448976755142,0.01640499942,0.0163540001959,0.0128180002794,0.0,61.4230766296,266.210693359,269.035766602,342.723815918,200.276092529,88.2752380371,19.6470355988,3.51213216782,38.7429847717,37.7437400818,43.6224441528,45.1294746399,49.8737182617,53.5342254639,53.736492157,55.3870201111,52.2227935791,50.289264679,40.7620048523,37.9647254944,8.40750312805,4.87882995605,4.16545915604,0.255493015051,1.85592401028,2.75258898735,0.861220002174,1.46917402744,2.75774002075,2.53893303871,2.81411194801,4.42494726181,68.9044342041,44.3236236572,34.8590774536,20.6573467255,29.4253349304,90.947807312,91.9209747314,111.960044861,71.7401046753,40.4012985229,42.2231559753,76.7087249756,0.0128350006416,0.0184450000525,0.0176630001515,0.018819000572,0.0121889999136,0.0155720002949,0.0175950005651,0.0221510007977,0.0121039999649,0.0228819996119,0.0199069995433,0.0166260004044,53.6152458191,44.4609336853,28.0213890076,0.177752003074,0.165359005332,0.104685999453,0.0801720023155,0.106164999306,0.154513001442,0.154751002789,0.213656008244,0.256190001965,54.4539604187,54.2918128967,53.8013458252,45.0641975403,60.610168457,66.6440124512,55.881362915,59.3368186951,48.2343559265,59.2536697388,52.26014328,65.1731872559,43549.0,0.237297134583,1061.7241362,379.594817962,2581.08785359,357.607095713,1738240.0,1550.0,3.0,
2814,682.811157227,636.390319824,851.087219238,899.704101562,1337.49414062,1933.54248047,1828.03637695,1906.61437988,1476.73779297,980.306762695,844.051696777,957.903381348,0.930369794369,0.871340036392,0.999173223972,0.975701272488,0.683263480663,0.52299541235,0.398562222719,0.295359760523,0.267125815153,0.247632592916,0.270512342453,0.285433113575,0.302659392357,0.363735407591,0.390283018351,0.418610811234,0.469124853611,0.534814894199,0.625240683556,0.683421134949,0.721533596516,0.781123280525,0.963261008263,1.0,0.313428997993,0.187459006906,5.05629301071,31.0749130249,280.611938477,779.891052246,860.258850098,1093.28112793,765.385437012,225.71786499,10.5314493179,3.46663999557,45.0502891541,39.0084571838,48.9465370178,48.5462875366,52.4236831665,55.1562614441,55.2050361633,57.6921882629,55.7981491089,56.7450332642,49.6276245117,45.4544143677,4.51015090942,4.63175201416,6.41379404068,4.45804595947,4.95680904388,4.25865316391,4.52454996109,3.9060561657,3.73306417465,4.2421631813,4.60681295395,4.31298494339,54.3378143311,25.6934947968,21.2663536072,19.6369037628,71.9215087891,167.781738281,179.914260864,207.719177246,154.825790405,94.7071380615,72.9960632324,64.9277801514,13.4602432251,10.4031505585,18.6556816101,11.8376102448,11.8645210266,11.6768074036,9.64705848694,9.59998512268,11.0182781219,13.7561626434,14.5134439468,14.5307331085,111.565803528,105.407325745,130.795059204,89.1694717407,96.6159820557,76.5362625122,89.3150405884,77.5775985718,72.0115280151,76.25340271,81.3926544189,85.5817718506,54.4539604187,54.2918128967,53.8013458252,45.0641975403,60.610168457,66.6440124512,55.881362915,59.3368186951,48.2343559265,59.2536697388,52.26014328,65.1731872559,85723.0,0.36299286953,1198.05565804,713.92565028,4009.62116528,735.300613005,2196332.0,1860.0,7.0,2.0
2829,580.558166504,539.25378418,553.614501953,583.910644531,793.628173828,845.642944336,1054.70166016,1074.71374512,699.540100098,485.463287354,383.936645508,403.776580811,1.0,0.950579285622,0.876550257206,0.790927410126,0.639348506927,0.494106352329,0.41895070672,0.391358405352,0.370078504086,0.358564347029,0.375289231539,0.47515937686,0.602843403816,0.645775794983,0.619198262691,0.608361959457,0.62023639679,0.62596321106,0.669569671154,0.689556956291,0.745513856411,0.909188628197,0.930812418461,0.955396652222,0.375138998032,4.00603294373,16.2033462524,34.5143852234,208.404052734,464.489501953,556.631469727,645.952026367,334.938568115,66.9558258057,4.7199139595,0.000679999997374,71.436958313,69.7590560913,78.041885376,78.4300460815,84.4472427368,86.5137863159,91.4363555908,87.4721908569,82.2385864258,79.1691741943,65.5933074951,55.6785202026,,,,,,,,,,,,,77.022567749,52.3434944153,53.9823951721,49.4020347595,52.5004043579,52.5939559937,73.098739624,79.2204589844,54.0663070679,37.9092025757,53.0650749207,71.0281295776,15.5853796005,14.1449518204,13.922252655,13.6916646957,7.63102817535,5.38114595413,9.45177936554,5.99362230301,3.89728403091,5.91622114182,3.32912707329,4.70031309128,,,,,,,,,,,,,5.43304729462,3.99129414558,4.07578420639,4.85734224319,8.41952228546,1.31722807884,3.90131306648,6.16695404053,3.79882001877,3.58611607552,4.79457807541,3.08507514,56970.0,0.414099836015,456.961992933,262.147573958,2267.77812926,383.685135747,1975600.0,,,2.0
2925,440.091583252,420.640594482,431.874664307,613.906005859,1136.62792969,1718.15649414,1818.07580566,1787.03076172,1537.72827148,1081.0168457,646.070739746,676.430236816,0.770725011826,0.917060017586,1.0,0.958636939526,0.847460269928,0.710709691048,0.592306733131,0.516722381115,0.477802038193,0.456089228392,0.432770460844,0.432633370161,0.49619564414,0.429722964764,0.446431100368,0.400312542915,0.394681662321,0.413492202759,0.438242971897,0.469225853682,0.566004216671,0.748105347157,0.796592473984,0.757906496525,0.375138998032,4.00603294373,16.2033462524,34.5143852234,208.404052734,464.489501953,556.631469727,645.952026367,334.938568115,66.9558258057,4.7199139595,0.000679999997374,,,,,,,,,,,,,,,,,,,,,,,,,,,,,,,,,,,,,,,,,,,,,,,,,,,,,,,,,,,,,5.43304729462,3.99129414558,4.07578420639,4.85734224319,8.41952228546,1.31722807884,3.90131306648,6.16695404053,3.79882001877,3.58611607552,4.79457807541,3.08507514,,0.728581578403,912.433323182,444.706010284,3311.86737315,789.529654986,2117328.0,2330.0,3.0,4.0
2986,195.346389771,152.451126099,236.624206543,223.211517334,406.962188721,700.921142578,746.135681152,1271.47058105,718.620483398,471.894714355,307.255645752,321.393066406,0.897276937962,0.788494467735,0.708341538906,0.661123633385,0.60778349638,0.570225596428,0.512625575066,0.460983812809,0.447520762682,0.411705076694,0.388937205076,0.383960306644,0.400585442781,0.400704056025,0.415649682283,0.478202730417,0.586003482342,0.684953331947,0.818163871765,0.949722766876,1.0,0.997333645821,0.970739006996,0.951029479504,0.375138998032,4.00603294373,16.2033462524,34.5143852234,208.404052734,464.489501953,556.631469727,645.952026367,334.938568115,66.9558258057,4.7199139595,0.000679999997374,,,,,,,,,,,,,,,,,,,,,,,,,,,,,,,,,,,,,,,,,,,,,,,,,,,,,,,,,,,,,5.43304729462,3.99129414558,4.07578420639,4.85734224319,8.41952228546,1.31722807884,3.90131306648,6.16695404053,3.79882001877,3.58611607552,4.79457807541,3.08507514,,0.650151196593,388.09102299,219.846072461,3091.65867488,567.426216482,2128336.0,2310.0,6.0,2.0
3224,345.363342285,345.205810547,342.858825684,303.365875244,375.72668457,776.547363281,881.572692871,950.912109375,845.806152344,480.679351807,404.729888916,584.21697998,0.802907586098,0.878658890724,1.0,0.934765577316,0.805784106255,0.609705030918,0.445792078972,0.3611536026,0.322032064199,0.315454572439,0.315720081329,0.318213909864,0.367183417082,0.391405403614,0.386349529028,0.390213340521,0.374255806208,0.396505624056,0.446711808443,0.459401369095,0.541292250156,0.564508855343,0.624991834164,0.729286670685,0.375138998032,4.00603294373,16.2033462524,34.5143852234,208.404052734,464.489501953,556.631469727,645.952026367,334.938568115,66.9558258057,4.7199139595,0.000679999997374,,,,,,,,,,,,,,,,,,,,,,,,,,,,,,,,,,,,,,,,,,,,,,,,,,,,,,,,,,,,,5.43304729462,3.99129414558,4.07578420639,4.85734224319,8.41952228546,1.31722807884,3.90131306648,6.16695404053,3.79882001877,3.58611607552,4.79457807541,3.08507514,,0.434545466593,659.470048633,291.430324162,2726.77326616,411.994569561,1939480.0,2000.0,10.0,
3367,770.068054199,693.282714844,785.774963379,759.827026367,1123.08361816,1898.84667969,2019.37304688,2290.46801758,1860.79187012,1220.07983398,886.662719727,1050.3671875,1.0,0.994234263897,0.960397839546,0.821759581566,0.714432895184,0.710227072239,0.663468003273,0.732144832611,0.61514300108,0.459226638079,0.343675225973,0.243654161692,0.303966641426,0.380356878042,0.388042986393,0.403033941984,0.43999543786,0.492809921503,0.565915167332,0.650570571423,0.697706878185,0.771467030048,0.917002797127,0.939528346062,0.743885993958,0.52530002594,20.5377521515,64.2750091553,290.18081665,824.413208008,893.96081543,1040.20678711,727.1328125,280.976196289,30.8767261505,3.31154894829,52.5956039429,52.9827461243,54.2080535889,59.1400413513,67.1287536621,68.9264144897,69.7964401245,72.4092025757,69.3744354248,67.835609436,60.0050697327,57.4065513611,5.23611927032,5.71422719955,4.49624490738,6.82849216461,5.7605009079,7.04940700531,8.24855327606,4.9961810112,6.9212269783,6.29467487335,7.31346797943,8.44310092926,99.3374252319,49.6464271545,44.8812599182,42.1957511902,114.935317993,277.721069336,302.366943359,339.091308594,258.931549072,118.329605103,80.3768997192,116.361686707,0.0904230028391,0.0493509992957,0.064906001091,0.0862409994006,0.244341000915,0.122077003121,0.117810003459,0.167687997222,0.147458001971,0.110517002642,0.0474300011992,0.0949280038476,0.0,0.0,0.0,0.0,0.0,0.0,0.0,0.0,0.0,0.0,0.0,0.0,164.965438843,135.115203857,178.120300293,160.399917603,182.655441284,181.267501831,201.549133301,248.66607666,223.576797485,231.704406738,190.522872925,241.95892334,76421.0,0.530816037993,1063.81519306,599.387396624,4343.68816694,835.619776627,2168756.0,2800.0,4.0,4.0
3456,380.942596436,299.296264648,287.500610352,313.991699219,483.534393311,840.551269531,796.180053711,841.173400879,762.051452637,410.527709961,350.391906738,350.026000977,0.946635901928,0.907758951187,0.496346086264,0.402398437262,0.368112832308,0.348851114511,0.330888271332,0.330572009087,0.310213267803,0.31744453311,0.448602795601,0.701348304749,0.7066822052,0.605076253414,0.55736541748,0.591494202614,0.626745998859,0.723228514194,0.772133350372,0.814643681049,0.875985682011,0.908433198929,0.99673563242,1.0,0.0,0.0,0.0,18.0868778229,171.610168457,452.101501465,415.230529785,480.78604126,374.652404785,91.4750671387,4.02039813995,0.0,75.1071777344,66.867225647,72.8431625366,73.8374252319,76.1009597778,80.5788955688,85.5635528564,82.1081619263,90.8470687866,78.4017715454,65.9996643066,74.837059021,2.21742892265,2.02517604828,2.18837594986,2.14866399765,1.45933103561,2.13339805603,1.56719601154,1.52153408527,1.69923508167,1.69937098026,2.12103915215,1.32013499737,59.2673912048,30.8836803436,25.1375598907,20.0080986023,59.5577507019,126.588699341,117.571662903,130.601699829,107.799041748,33.0268707275,36.1007232666,68.459274292,0.765340030193,0.748714029789,1.68658697605,0.0,0.835022985935,2.60183310509,5.24761104584,0.845869004726,2.0580201149,2.37814712524,4.03647994995,5.44511699677,9.92118358612,5.33125114441,2.79002308846,1.97368299961,1.96028697491,0.830484032631,0.820828020573,0.10897000134,4.81740903854,15.7964849472,26.5524539948,7.38085603714,106.469825745,87.3835220337,80.9896011353,81.2835617065,71.271446228,76.5543670654,64.556602478,67.1676635742,78.7634506226,87.2367553711,123.476318359,89.6069641113,59981.0,0.622255595717,411.956102579,247.976987119,1813.50694243,354.78761491,1885730.0,1720.0,10.0,2.0
3482,388.215148926,297.125457764,324.467254639,348.164428711,538.732788086,723.098388672,742.612243652,773.599365234,679.060119629,421.194580078,286.906066895,336.082672119,0.263426572084,0.253445357084,0.475719183683,0.644815921783,0.596774816513,0.457474321127,0.364818632603,0.329572141171,0.433347642422,0.592846095562,1.0,0.959018409252,0.381552577019,0.281806766987,0.32089188695,0.387133896351,0.458520799875,0.54756462574,0.568540096283,0.56642639637,0.579323232174,0.377629816532,0.361901968718,0.307403534651,0.0,0.0,0.0,0.0,0.0,0.0,0.0,0.0,0.0,47.1455574036,1.69277501106,0.901476025581,0.0,0.0,0.0,0.0,0.0,0.0,0.0,0.0,0.0,3.27914714813,39.5672798157,37.9289207458,0.0,0.0,0.0,0.0,0.0,0.0,0.0,0.0,0.0,0.0,1.11302399635,0.877642035484,0.0,0.0,0.0,0.0,0.0,0.0,0.0,0.0,0.0,3.14620709419,11.7052316666,25.0122032166,0.0,0.0,0.0,0.0,0.0,0.0,0.0,0.0,0.0,0.0,0.0,0.0,0.0,0.0,0.0,0.0,0.0,0.0,0.0,0.0,0.0,12.1057004929,13.8947973251,14.4864654541,106.469825745,87.3835220337,80.9896011353,81.2835617065,71.271446228,76.5543670654,64.556602478,67.1676635742,78.7634506226,87.2367553711,123.476318359,89.6069641113,0.0,0.291153870028,1035.23562976,255.19026919,1822.47292376,338.031883514,1777138.0,1840.0,9.0,1.0
3723,541.252685547,484.536315918,515.109069824,482.072479248,725.89630127,1358.32299805,1033.51123047,1508.69567871,1365.37414551,1028.60083008,768.252075195,903.04309082,0.575262486935,0.593629479408,0.57265073061,0.877876877785,1.0,0.624331057072,0.451939731836,0.380443781614,0.332653969526,0.305694282055,0.289209634066,0.287592798471,0.271852821112,0.250298082829,0.293139338493,0.378015339375,0.488610237837,0.542659461498,0.575779497623,0.624024629593,0.596345067024,0.627464473248,0.661915838718,0.59183204174,0.525776028633,0.897787034512,26.7950935364,48.2178153992,184.446746826,496.093383789,389.763824463,682.442382812,544.19140625,254.136886597,54.9558677673,10.827249527,86.5123214722,78.1401596069,86.3941040039,83.7216033936,77.1509475708,54.3731079102,52.8921356201,64.0538253784,71.1261978149,68.7832565308,56.7885856628,49.2671585083,3.79439997673,3.42720007896,3.78921508789,3.67200016975,3.86816310883,3.5130841732,2.67496705055,4.57123184204,5.58273220062,5.50074100494,5.22614002228,5.82914733887,135.0806427,122.008323669,134.896057129,130.723205566,128.898147583,172.334945679,138.718399048,229.001098633,209.449386597,156.872787476,115.695487976,115.643722534,47.0505599976,42.4972801208,46.9862670898,45.5328025818,35.8101425171,4.23339128494,6.73036813736,13.3309755325,15.1726875305,13.8274431229,11.5007381439,15.2967195511,50.2270431519,52.786529541,54.1452560425,41.9189910889,49.9980049133,43.7934112549,32.8278160095,59.9032249451,68.1835021973,85.5590667725,80.2075653076,88.9342269897,97.1366424561,87.7363204956,97.00390625,94.0032043457,86.1612854004,54.3434257507,57.4041404724,68.3640213013,78.0124588013,78.2626647949,75.0656433105,79.0759277344,100332.0,0.413885395203,1427.56239477,460.427163125,2983.79479027,559.953312239,2071834.0,1551.0,3.0,2.0
3778,0.0,0.0,0.0,0.0,0.0,0.0,0.0,0.0,0.0,0.0,334.357574463,678.758422852,1.0,0.963570475578,0.96500658989,0.902396976948,0.857771158218,0.689647555351,0.609598040581,0.568657696247,0.536654293537,0.489737659693,0.467123448849,0.449305832386,0.489062339067,0.648604750633,0.604752123356,0.607373535633,0.629883825779,0.597908556461,0.647903263569,0.573149204254,0.586495816708,0.668880522251,0.758880138397,0.940975368023,0.0,0.0,0.0,0.0,0.0,0.0,0.0,0.0,0.0,0.0,7.4775519371,1.06760001183,,,,,,,,,,,,,4.25416517258,3.24810504913,4.40798091888,4.59826231003,5.622631073,3.90054798126,4.39953184128,5.1575961113,4.48667430878,3.44617199898,4.42783689499,3.4852039814,0.0,0.0,0.0,0.0,0.0,0.0,0.0,0.0,0.0,0.0,9.56952095032,16.4704494476,,,,,,,,,,,,,,,,,,,,,,,,,97.1366424561,87.7363204956,97.00390625,94.0032043457,86.1612854004,54.3434257507,57.4041404724,68.3640213013,78.0124588013,78.2626647949,75.0656433105,79.0759277344,0.0,0.771783675683,65.314235392,28.7669140964,1438.405557,291.226823468,434794.0,1262.0,5.0,2.0
3967,667.385192871,579.556396484,697.439453125,597.388305664,878.848815918,2171.58422852,1689.98498535,1629.62841797,1420.88513184,648.732543945,622.540161133,854.364624023,0.97929930687,0.996453225613,0.918739378452,0.834278583527,0.730232656002,0.568248867989,0.438637971878,0.41196167469,0.442182719707,0.527223944664,0.527596533298,0.485632121563,0.48061260581,0.520315945148,0.51990711689,0.577233672142,0.640621602535,0.717085838318,0.787955343723,0.887597262859,0.989892661572,0.915566027164,0.996851563454,1.0,0.204594999552,0.18074400723,20.0213088989,51.0409698486,314.295501709,1085.20532227,770.102844238,760.184387207,554.079223633,130.714981079,25.5754966736,3.1437420845,36.502281189,35.3185882568,40.6135101318,38.5231895447,45.0362663269,55.8789672852,53.0668792725,48.7459373474,49.7481193542,45.2906341553,37.565612793,43.1078681946,4.15243721008,4.9389591217,5.38515806198,6.56987094879,6.08873701096,5.21660327911,7.74004936218,3.69007110596,4.62791013718,3.97278118134,5.2129650116,7.30945634842,66.5048522949,36.5380821228,41.9155082703,38.8193817139,117.166519165,354.277893066,290.42755127,284.594970703,225.781204224,56.9822845459,46.7045783997,76.1529464722,0.0896410048008,0.0706520006061,0.0972570031881,0.0727429986,0.048807002604,0.0697680041194,0.0628660023212,0.0618460029364,0.0739670023322,0.0504560023546,0.0683059990406,0.119934998453,0.130457997322,0.11913600564,0.104941003025,0.0657899975777,0.126446008682,0.0558280013502,0.13134200871,0.0963560044765,0.130866006017,0.0706859976053,0.121737003326,0.242777004838,97.1366424561,87.7363204956,97.00390625,94.0032043457,86.1612854004,54.3434257507,57.4041404724,68.3640213013,78.0124588013,78.2626647949,75.0656433105,79.0759277344,85900.0,0.484952941006,613.45075429,419.478233237,4388.0972201,857.755298624,2199028.0,2500.0,10.0,2.0
4031,0.0,0.0,0.0,0.0,0.0,0.0,0.0,0.0,0.0,0.0,0.0,0.0,,,,,,,,,,,,,,,,,,,,,,,,,0.204594999552,0.18074400723,20.0213088989,51.0409698486,314.295501709,1085.20532227,770.102844238,760.184387207,554.079223633,130.714981079,25.5754966736,3.1437420845,56.4209594727,53.8090629578,63.1804656982,58.4006958008,75.3756866455,73.5801010132,73.8614959717,64.1468353271,71.592338562,66.9668426514,52.9204406738,44.715423584,6.79826593399,5.18887615204,4.4884762764,4.63428497314,4.3139538765,3.42679214478,3.57736110687,2.02133393288,3.12470197678,3.02977395058,3.89473414421,4.20391321182,58.2440910339,27.8748664856,26.2930850983,21.7374916077,68.3783035278,147.017868042,155.124816895,166.70892334,130.535140991,45.1090774536,42.8143310547,77.7333679199,26.2379016876,23.7615795135,26.2550392151,25.6058769226,26.3640766144,24.9890480042,26.1225566864,26.0146579742,26.3869419098,31.7562732697,30.5304870605,31.7872467041,0.0,0.0,0.0,0.0,0.0,0.0,0.0,0.0,0.0,0.0,0.0,0.0,62.2275161743,46.4853286743,46.9640312195,46.7107467651,66.0820922852,55.8472633362,49.7215995789,48.8951454163,52.3098831177,46.2988891602,61.1917037964,61.6302032471,,,0.0,0.0,0.0,0.0,210192.0,2050.0,10.0,3.0
4505,0.0,0.0,0.0,0.0,0.0,0.0,0.0,0.0,598.586181641,1093.03356934,762.632141113,570.605957031,0.930116415024,1.0,0.952648043633,0.713841736317,0.410730719566,0.280796647072,0.238510459661,0.220703467727,0.216002598405,0.217613205314,0.218798115849,0.248163104057,0.299966871738,0.280490279198,0.287607699633,0.278617203236,0.298259735107,0.294664889574,0.322517305613,0.339419335127,0.36398267746,0.417770504951,0.522944569588,0.73670309782,0.0,0.0,0.0,0.0,0.0,0.0,0.0,0.0,179.242614746,225.636642456,37.7707862854,4.96279287338,,,,,,,,,,,,,,,,,,,,,,,,,,,,,,,,,,,,,,,,,,,,,,,,,0.0,0.0,0.0,0.0,0.0,0.0,0.0,0.0,17.488615036,29.9335842133,36.5844268799,27.887752533,62.2275161743,46.4853286743,46.9640312195,46.7107467651,66.0820922852,55.8472633362,49.7215995789,48.8951454163,52.3098831177,46.2988891602,61.1917037964,61.6302032471,8366.0,0.658380013229,427.067980022,184.349477948,2332.00902494,582.51878508,713004.0,1580.0,3.0,2.0
4732,343.02142334,297.415893555,344.474975586,246.764038086,351.674713135,745.25982666,673.330932617,874.968383789,671.944519043,419.913604736,291.626098633,303.728881836,0.763963699341,0.790311932564,0.873813867569,1.0,0.893152177334,0.656794190407,0.501614689827,0.393313288689,0.358789384365,0.333148449659,0.33925139904,0.327320188284,0.400342077017,0.534029722214,0.461917936802,0.361052364111,0.370118319988,0.280957728624,0.294125378132,0.325919508934,0.442193239927,0.705209612846,0.70783829689,0.698371231556,0.0,0.0,0.0,0.0,0.0,0.0,0.0,0.0,0.0,0.0,0.0,0.0,,,,,,,,,,,,,,,,,,,,,,,,,,,,,,,,,,,,,,,,,,,,,,,,,0.0,0.0,0.0,0.0,0.0,0.0,0.0,0.0,0.0,0.0,0.0,0.0,62.2275161743,46.4853286743,46.9640312195,46.7107467651,66.0820922852,55.8472633362,49.7215995789,48.8951454163,52.3098831177,46.2988891602,61.1917037964,61.6302032471,0.0,0.450640757658,580.289979615,247.014351942,1839.89444685,346.909425454,1860102.0,1500.0,6.0,2.0
4767,637.459228516,575.769592285,636.588134766,618.306884766,1039.36328125,1386.21948242,1721.92260742,1880.08215332,1529.5246582,1410.66491699,899.98840332,1106.44921875,0.981841921806,1.0,0.979753851891,0.959672927856,0.818067908287,0.638288974762,0.499016940594,0.424118041992,0.387082070112,0.369984030724,0.352034121752,0.349649906158,0.425659716129,0.4581990242,0.479266494513,0.528409302235,0.586071312428,0.64009064436,0.71944463253,0.812996983528,0.827783405781,0.919476270676,0.98850184679,0.95785266161,6.8299202919,6.16896009445,6.8205871582,73.0716247559,307.931762695,579.574157715,753.325073242,835.039855957,591.663696289,252.512649536,36.5143699646,2.89644312859,42.3149032593,36.0047950745,40.0927658081,39.9069747925,50.8146324158,50.4640426636,53.8770980835,53.3067970276,48.4438285828,48.4370651245,45.8237037659,43.8791770935,0.000153000000864,0.000102000005427,0.000799000030383,0.000306000001729,0.000561000022572,0.000254999991739,0.000153000000864,0.0,0.0,0.0,0.000509999983478,0.0,77.1164703369,32.2019462585,24.4920883179,36.1650352478,118.569801331,219.217453003,281.561859131,304.678344727,232.934402466,562.682067871,168.43157959,236.522140503,9.56025600433,5.35092020035,7.3606262207,5.70015096664,9.05256843567,5.4172372818,9.31079769135,10.104765892,7.27849912643,6.10762405396,11.4221811295,11.4632024765,32.556224823,16.1935195923,14.5993108749,9.32087898254,14.7910203934,3.98192715645,13.0335435867,8.43934440613,13.3096570969,17.7063846588,39.5350990295,56.2392311096,62.2275161743,46.4853286743,46.9640312195,46.7107467651,66.0820922852,55.8472633362,49.7215995789,48.8951454163,52.3098831177,46.2988891602,61.1917037964,61.6302032471,65977.0,0.387481313763,796.159965171,520.368051123,3810.94723097,709.293766,2402762.0,2500.0,10.0,2.0
4957,0.0,0.0,0.0,0.0,0.0,0.0,0.0,0.0,0.0,1644.28356934,1537.15087891,1729.86889648,0.982260107994,0.98935520649,0.996031165123,0.965511202812,0.926622331142,0.75566637516,0.613650739193,0.526720046997,0.399370521307,0.357369720936,0.323175758123,0.369486451149,0.503671765327,0.522968828678,0.572926998138,0.600072681904,0.662869930267,0.68167257309,0.649176716805,0.72035753727,0.76821744442,0.887759923935,1.0,0.965273976326,0.0,0.0,0.0,0.0,0.0191420018673,0.0,0.0,0.0,0.0,302.064758301,73.7734375,30.8947811127,52.5595474243,45.7989196777,52.4151153564,55.178855896,62.927318573,57.2918891907,58.9640426636,57.4486122131,65.5281143188,56.3255386353,53.09324646,51.9889068604,4.33637714386,4.31070709229,4.15187597275,4.44046831131,4.96889591217,4.04132509232,4.53041505814,3.50546813011,3.95438718796,5.07591104507,3.30612611771,3.11853098869,75.6939086914,46.0804710388,42.988735199,46.3779220581,72.6234207153,120.970031738,114.299041748,114.297714233,96.0330352783,41.2194595337,55.5923309326,95.9500274658,15.565659523,13.3996038437,11.5371694565,12.611246109,11.7694234848,10.444272995,12.9914512634,10.7390193939,11.4966068268,14.4144868851,13.5279541016,13.4261407852,0.0,0.0,0.0,0.0,0.00297500006855,0.0,0.0,0.0,0.0,87.517906189,80.1045150757,96.1699523926,0.0,0.0,0.0,0.0,0.0,0.0,0.0,0.0,0.0,61.5133094788,0.0,75.0924835205,4.0,0.712123343463,329.843275829,169.739393971,3692.4010334,989.820024707,725358.0,3300.0,13.0,5.0
5218,412.386566162,354.200164795,383.228210449,398.062225342,508.11239624,615.142028809,622.690490723,488.166503906,662.29296875,467.44543457,453.957733154,711.39465332,0.752258658409,0.93495541811,1.0,0.868207097054,0.73736178875,0.663452923298,0.618783116341,0.601726531982,0.586283028126,0.572793245316,0.566201925278,0.500119745731,0.419667243958,0.325742661953,0.24760389328,0.237687364221,0.239634200931,0.268622666597,0.334115505219,0.388032823801,0.381093621254,0.427916824818,0.487711548805,0.65602594614,31.5864601135,28.595785141,29.7897644043,36.5497627258,68.5341720581,145.91015625,177.143936157,280.182006836,326.88092041,166.789672852,131.762542725,259.853515625,0.0531590022147,0.0412250012159,0.0332350023091,0.030022000894,0.0992119982839,0.0841160044074,0.254354000092,10.0356273651,37.1257896423,41.5657653809,33.6976737976,31.5926475525,,,,,,,,,,,,,28.9206886292,16.9861450195,11.9674224854,12.7619514465,17.1630134583,22.5173511505,24.335193634,19.2061080933,25.7403812408,13.408290863,14.4308748245,17.5485229492,,,,,,,,,,,,,0.653905034065,0.427550017834,0.482715010643,0.55963999033,1.61049497128,2.19735193253,144.203826904,0.0,0.0,0.0,0.0,0.0,0.0,0.0,0.0,0.0,0.0,0.0,0.426955014467,40.7100028992,66.5543060303,120.421150208,69.5340652466,204.340713501,79179.0,0.525734609109,588.543365183,264.889030628,2028.19201247,339.295716539,1757544.0,2050.0,10.0,
5357,2794.09448242,2198.62084961,2247.74462891,2197.65722656,2313.22827148,2589.27978516,2817.80200195,2871.38354492,2607.29711914,2232.63305664,2173.43920898,2903.37695312,0.934044182301,0.696323215961,0.618340551853,0.554141521454,0.404511749744,0.304107904434,0.256212323904,0.247847184539,0.256881892681,0.275420248508,0.381147652864,0.680995702744,0.796158969402,0.561839461327,0.329206109047,0.300759345293,0.361105084419,0.457472980022,0.495348870754,0.526229500771,0.593397200108,0.677158713341,0.850780844688,1.0,657.161682129,376.410186768,385.25112915,295.338775635,671.812927246,1293.00830078,1381.52111816,1527.75683594,1223.98364258,532.721130371,349.17855835,864.224365234,45.2351150513,44.8200073242,46.9988479614,47.5679397583,52.6571426392,53.2507171631,60.5699806213,56.7174758911,58.4473762512,53.3377037048,50.3603935242,47.1229286194,6.26966810226,6.75738096237,5.86381006241,7.05469417572,8.3325843811,8.06930541992,7.08435916901,6.81774806976,6.53610897064,7.06674718857,6.0899271965,6.13361692429,,,,,,,,,,,,,17.4117736816,18.3473186493,19.5210494995,18.1939945221,16.4975147247,14.1374044418,18.8186950684,16.9737701416,18.4353618622,12.1717453003,19.7847709656,23.4332427979,,,,,,,,,,,,,0.0,0.0,0.0,0.0,0.0,0.0,0.426955014467,40.7100028992,66.5543060303,120.421150208,69.5340652466,204.340713501,138083.0,0.709241442772,3066.97614737,1330.52355128,6032.76041921,644.42818449,2704020.0,3200.0,7.0,5.0
5371,539.033752441,419.138549805,529.74230957,699.692932129,932.878967285,1348.53918457,1164.40771484,1534.87902832,1137.72558594,614.199462891,456.941375732,612.028259277,0.976468026638,0.892532408237,0.747578561306,0.597584009171,0.548246979713,0.520939052105,0.429949522018,0.389864653349,0.374864608049,0.355418860912,0.326011300087,0.430228024721,0.609845161438,0.558808624744,0.463278800249,0.445153832436,0.462212592363,0.549369931221,0.639835000038,0.681457638741,0.694681167603,0.731986939907,0.925953328609,1.0,11.5889854431,4.00397586823,46.2614898682,145.89956665,347.617156982,694.897277832,604.703979492,822.16986084,533.547668457,143.417282104,24.2536449432,1.59310400486,175.031463623,158.016693115,174.532287598,176.310058594,190.090759277,184.801620483,171.811340332,188.821243286,174.973434448,175.492858887,157.175964355,158.561752319,0.0,0.0,0.0,0.0,0.0,0.0,0.0,0.0,0.0,0.0,0.0,0.0,30.5334968567,11.8642835617,24.019317627,50.9906349182,109.404899597,197.359176636,171.328979492,227.331619263,158.062316895,48.8883781433,24.5173664093,34.598739624,,,,,,,,,,,,,,,,,,,,,,,,,0.0,0.0,0.0,0.0,0.0,0.00113900005817,0.00142800004687,0.0,0.00210799998604,0.0,0.0,0.0,104276.0,0.481207324395,733.165187403,355.894636499,3034.41007805,581.196525953,2187074.0,980.0,6.0,2.0
5439,540.360290527,366.259765625,432.261108398,425.000610352,547.140686035,974.286987305,974.088317871,1085.59350586,735.006835938,406.403839111,374.452423096,368.054290771,0.879249513149,0.840013384819,0.773367702961,0.720655143261,0.67520070076,0.572809457779,0.496211856604,0.449730217457,0.436626970768,0.425329387188,0.42416998744,0.423663765192,0.466899007559,0.591306805611,0.690139472485,0.718352437019,0.794338881969,0.859358251095,0.919532358646,0.896068990231,0.926427364349,0.973440825939,1.0,0.951411128044,11.5889854431,4.00397586823,46.2614898682,145.89956665,347.617156982,694.897277832,604.703979492,822.16986084,533.547668457,143.417282104,24.2536449432,1.59310400486,,,,,,,,,,,,,,,,,,,,,,,,,,,,,,,,,,,,,,,,,,,,,,,,,,,,,,,,,,,,,0.0,0.0,0.0,0.0,0.0,0.00113900005817,0.00142800004687,0.0,0.00210799998604,0.0,0.0,0.0,,0.576007632833,386.917576816,228.452165077,1926.88472303,391.359493172,1793366.0,1700.0,8.0,1.0
5746,659.141662598,525.083557129,576.672058105,689.408081055,1031.52148438,1502.43164062,1614.98986816,1843.32800293,1393.97460938,902.973937988,650.479858398,787.142883301,0.892841517925,0.869240641594,0.821519255638,0.863963186741,0.978086233139,0.809155642986,0.653218090534,0.551130950451,0.522963047028,0.527323424816,0.508987128735,0.497869342566,0.569296956062,0.725102961063,0.529032886028,0.583911895752,0.681537866592,0.729488015175,0.75580906868,0.864278614521,0.913577854633,0.951170563698,0.990049660206,1.0,11.0740385056,2.35307192802,28.4615192413,119.13143158,345.579620361,672.633422852,704.013244629,820.099365234,523.983276367,169.247528076,23.6608562469,3.09496903419,0.0,0.0,0.0,0.0,0.0,0.0,0.0,0.0,0.0,0.0,0.0,0.0,0.0,0.0,0.0,0.0,0.0,0.0,0.0,0.0,0.0,0.0,0.0,0.0,65.7145690918,40.6826667786,46.422580719,57.09608078,91.1411361694,140.520492554,155.2527771,189.917770386,135.266448975,69.6832733154,53.9579658508,81.9549102783,0.0,0.0,0.0,0.0,0.0,0.0,0.0,0.0,0.0,0.0,0.0,0.0,0.300678998232,0.0456110015512,0.0515439994633,0.13091699779,0.348482996225,0.425952017307,0.653802990913,1.47340703011,1.17946004868,0.445077002048,0.0769420042634,0.187884002924,0.0,0.0,0.0,0.0,0.0,0.0,0.0,0.0,0.0,0.0,0.0,0.0,109721.0,0.648337610517,508.927159425,314.039444973,3397.15694491,640.536076081,1972246.0,1768.0,9.0,4.0
5785,729.420532227,659.823486328,723.114624023,841.320861816,968.274169922,1387.66882324,1415.7364502,1504.38574219,1298.97766113,630.302978516,464.120025635,650.923828125,0.9008705616,0.847459971905,0.780167579651,0.61469322443,0.524661004543,0.480567753315,0.461704015732,0.44356572628,0.43601706624,0.447210043669,0.542638838291,0.604900598526,0.633663773537,0.645954251289,0.635359287262,0.65247541666,0.713776886463,0.79224216938,0.844554901123,0.899412691593,0.965651929379,1.0,0.998837888241,0.995314240456,0.0674559995532,0.100385002792,4.83862495422,60.2408447266,231.598861694,645.109008789,677.549316406,796.569946289,580.78692627,158.272155762,6.64876794815,0.0738140046597,,,,,,,,,,,,,,,,,,,,,,,,,,,,,,,,,,,,,,,,,,,,,,,,,23.9470844269,36.9592933655,33.9835090637,44.2663536072,28.3887767792,35.1723556519,23.0504016876,28.9403247833,26.0695171356,30.4391975403,38.6856765747,26.0937767029,0.0,0.0,0.0,0.0,0.0,0.0,0.0,0.0,0.0,0.0,0.0,0.0,83054.0,0.500853997155,629.820210399,339.709013609,3134.68507099,535.168965006,1894588.0,1900.0,11.0,2.0
5814,260.872894287,227.45753479,242.834564209,301.624206543,478.463195801,828.075439453,893.606872559,861.479858398,708.491577148,376.147247314,244.769897461,313.819122314,0.804227888584,0.787351489067,1.0,0.887245595455,0.628236472607,0.472262144089,0.399676948786,0.346017122269,0.328000038862,0.31273907423,0.341891497374,0.364298939705,0.528307437897,0.382338255644,0.289805799723,0.272621482611,0.28584843874,0.347675472498,0.393343776464,0.475861638784,0.533230602741,0.569398105145,0.658642172813,0.770181417465,0.0109310001135,0.350710004568,15.5904960632,53.2212715149,199.986572266,490.392944336,524.546081543,519.302124023,369.842895508,100.375022888,4.71770429611,0.0124099999666,,,,,,,,,,,,,,,,,,,,,,,,,30.7331619263,12.4803123474,14.6609869003,20.0029659271,56.3681755066,121.630187988,128.617126465,129.547790527,96.5736694336,30.1206512451,22.9457836151,43.7770080566,,,,,,,,,,,,,28.3433189392,28.6287822723,15.9437389374,30.509305954,17.1064548492,24.5646095276,23.3393516541,27.1921806335,37.9241790771,35.141330719,32.8888626099,39.2723312378,42.6346740723,43.4625587463,38.7365913391,40.7992362976,40.7790908813,31.2785396576,34.9829750061,28.0884208679,32.1334342957,35.0019454956,30.3365859985,36.001953125,79094.0,0.451348407531,831.053517595,259.220198891,2026.02291854,395.220576513,1903274.0,1060.0,6.0,2.0
5817,864.029174805,647.069152832,717.279724121,809.737487793,1076.29431152,1539.1315918,1510.59094238,1709.05908203,1519.19726562,1115.41101074,831.672668457,917.783752441,0.867349982262,0.910403847694,0.969784319401,1.0,0.719861030579,0.470891207457,0.327101349831,0.283530563116,0.258661061525,0.250699609518,0.279805004597,0.335515618324,0.452834397554,0.476081609726,0.42493391037,0.394205391407,0.388998091221,0.435137718916,0.502710282803,0.504597663879,0.4890589118,0.546586930752,0.707223296165,0.875593185425,0.0109310001135,0.350710004568,15.5904960632,53.2212715149,199.986572266,490.392944336,524.546081543,519.302124023,369.842895508,100.375022888,4.71770429611,0.0124099999666,,,,,,,,,,,,,,,,,,,,,,,,,,,,,,,,,,,,,,,,,,,,,,,,,,,,,,,,,,,,,42.6346740723,43.4625587463,38.7365913391,40.7992362976,40.7790908813,31.2785396576,34.9829750061,28.0884208679,32.1334342957,35.0019454956,30.3365859985,36.001953125,,0.405721964253,1360.90898588,620.915983511,3344.78923639,580.958815091,2312978.0,1908.0,10.0,4.0
6072,707.649108887,624.05279541,598.770812988,746.382141113,905.068847656,1149.93457031,1371.30541992,1607.0534668,1208.9855957,556.261413574,657.437927246,879.242919922,0.929273664951,0.936890363693,0.955462694168,0.99284273386,1.0,0.99555259943,0.813630700111,0.740083932877,0.706726908684,0.664614617825,0.642573833466,0.730440199375,0.693257987499,0.483102053404,0.430320411921,0.442944288254,0.437369436026,0.451648563147,0.573194861412,0.773185253143,0.79073292017,0.887015581131,0.822251677513,0.859915494919,0.0148750003427,0.014348000288,6.38088226318,42.2804794312,188.112564087,426.044128418,445.320861816,545.423461914,335.307250977,60.7932929993,1.06533896923,0.00627300003543,99.9837341309,87.1964035034,97.2702255249,93.3513183594,119.652191162,131.622848511,140.150939941,134.748809814,116.51385498,106.057952881,97.7337799072,93.1855010986,,,,,,,,,,,,,37.8473052979,10.3878335953,11.7276201248,16.5287437439,49.0016174316,116.009567261,121.024330139,143.762420654,95.5420913696,22.0827960968,39.1613044739,80.9181289673,1.80444800854,0.00634100008756,0.00527000008151,0.010098000057,0.0085680000484,0.0049809999764,0.0084150005132,0.0114580001682,0.133432999253,0.00183600001037,0.0165580008179,0.0790840014815,29.7978382111,38.8666763306,45.3182258606,30.7290649414,40.2616119385,26.0718288422,40.6284370422,51.8243980408,35.6865692139,44.636341095,59.7261352539,70.0757217407,173.688537598,147.172958374,129.309539795,165.354095459,147.759262085,108.706329346,101.939926147,117.233940125,118.073944092,104.836723328,170.78817749,204.534286499,54051.0,0.43781283014,662.552784134,296.126649844,2933.5454855,533.319729396,2029092.0,1700.0,8.0,2.0
6121,0.0,0.0,0.0,0.0,0.0,0.0,0.0,0.0,0.0,0.0,0.0,0.0,,,,,,,,,,,,,,,,,,,,,,,,,0.0,0.0,0.0,0.0,0.0118660004809,0.0,0.0,0.0,0.0,0.0,0.0,0.0,36.8525657654,34.2373733521,37.9976348877,41.140663147,46.1335296631,48.5713806152,52.2669410706,52.0682640076,49.3118515015,49.6394386292,40.232131958,33.8730773926,,,,,,,,,,,,,0.0,0.0,0.0,0.0,0.0,0.0,0.0,0.0,0.0,0.0,0.0,0.0,25.3704605103,19.8411083221,14.9354009628,21.9090900421,18.738368988,10.2968149185,20.8709182739,17.9191741943,11.6028909683,12.0336370468,8.31879711151,10.0218229294,0.0,0.0,0.0,0.0,0.000884000037331,0.0,0.0,0.0,0.0,0.0,0.0,0.0,11.4554157257,7.80867815018,7.56204223633,11.3005466461,9.08656787872,5.33847618103,10.5447092056,8.39084339142,9.65122318268,12.7073640823,11.2932014465,9.98015594482,1.0,,0.0,0.0,0.0,0.0,210192.0,2200.0,3.0,4.0
6139,0.0,0.0,0.0,0.0,0.0,0.0,0.0,0.0,685.127197266,945.582580566,773.646484375,881.265869141,0.688247263432,0.640706181526,0.501620233059,0.420815169811,0.34932756424,0.292770504951,0.2543630898,0.439445793629,0.731549203396,1.0,0.953371286392,0.532637774944,0.319519460201,0.401328831911,0.459734886885,0.457118391991,0.499668955803,0.517149925232,0.488295465708,0.545669674873,0.556998491287,0.597737908363,0.619648754597,0.653323531151,0.0,0.0,0.0,0.0,0.0,0.0,0.0,0.0,180.15687561,81.7580032349,22.8682308197,40.6463050842,49.6332702637,45.6981773376,45.3094024658,57.7691955566,56.4639549255,68.8641967773,60.6333045959,68.2263717651,23.2221355438,0.0,0.0,0.0,0.0,0.0,0.0,0.0,0.0,0.0,0.0,0.0,4.00581216812,7.77729606628,6.8347992897,7.26352214813,0.0,0.0,0.0,0.0,0.0,0.0,0.0,0.0,43.4836883545,26.8263568878,37.7121734619,87.1780929565,27.5754108429,25.1205425262,18.2721614838,23.7142868042,22.5771903992,25.0720939636,20.2861862183,30.1718215942,32.3336601257,26.5198478699,31.0146312714,32.4658508301,0.0,0.0,0.0,0.0,0.0,0.0,0.0,0.0,37.6251831055,91.8505783081,67.4269485474,76.3349990845,39.151763916,28.5194377899,35.2518119812,35.5136451721,33.3609886169,40.0083122253,48.7184486389,34.2968215942,35.0175704956,38.0296096802,42.1814041138,40.0971679688,4291.0,0.574856335251,340.458866113,105.846607332,2662.46805477,612.137906807,743104.0,2800.0,9.0,5.0
6266,732.89654541,662.02545166,774.557800293,752.867797852,1097.31384277,1735.11877441,1901.58520508,1997.75305176,1589.1394043,1073.95861816,682.608703613,654.967590332,0.955326616764,0.905304729939,0.915059745312,0.968267798424,0.788044929504,0.639760255814,0.536886513233,0.466062128544,0.431262850761,0.385623306036,0.356291115284,0.245646506548,0.298021435738,0.297086238861,0.334179639816,0.417715609074,0.530916690826,0.634627461433,0.728155791759,0.807663857937,0.81900280714,0.832064390182,0.899293065071,1.0,0.0,0.0,0.0,0.0,0.0,0.0,0.0,0.0,180.15687561,81.7580032349,22.8682308197,40.6463050842,,,,,,,,,,,,,,,,,,,,,,,,,,,,,,,,,,,,,,,,,,,,,,,,,,,,,,,,,,,,,39.151763916,28.5194377899,35.2518119812,35.5136451721,33.3609886169,40.0083122253,48.7184486389,34.2968215942,35.0175704956,38.0296096802,42.1814041138,40.0971679688,,0.550220625963,1100.5650469,593.865286251,3963.66111279,768.147646838,2214852.0,2300.0,4.0,2.0
6636,389.175964355,227.640640259,256.814208984,229.909545898,523.722473145,1227.13049316,1033.13989258,1279.57116699,725.894958496,410.015472412,284.073059082,328.770477295,0.599061489105,0.672073483467,0.86316293478,0.964506924152,1.0,0.767099380493,0.618305981159,0.504377007484,0.457878768444,0.392793208361,0.343363881111,0.364175766706,0.306080818176,0.222135871649,0.217409819365,0.244404613972,0.246697694063,0.299179434776,0.311648100615,0.329940497875,0.329055607319,0.277216553688,0.38176497817,0.442092001438,0.289544016123,0.112642005086,18.1616954803,10.4153900146,233.812835693,808.978149414,704.195495605,932.375671387,457.561462402,138.049041748,3.3750269413,14.2943487167,69.3194885254,58.99659729,69.7000045776,70.1351470947,74.5577011108,73.803527832,76.1165161133,80.3615341187,77.2956695557,78.9336547852,70.0984115601,72.6059799194,,,,,,,,,,,,,,,,,,,,,,,,,3.88898801804,3.10234713554,1.89561903477,2.8445930481,1.57406401634,3.1045229435,1.52809607983,3.05399894714,0.777835011482,1.55366396904,1.56141602993,3.16069102287,58.7497749329,23.9769535065,25.9942760468,11.448548317,21.1059932709,22.2859287262,21.2393932343,15.4481554031,11.9807157516,21.4959049225,25.266658783,27.7207279205,71.7763977051,48.8694419861,54.7635307312,49.1056404114,45.823841095,49.7121658325,46.9477615356,49.1838226318,48.5681495667,43.7817306519,0.0,38.9797935486,39788.0,0.349398541099,1124.74042688,398.294051174,3797.42188946,663.084633255,2000626.0,2000.0,7.0,1.0
6836,386.964813232,377.265869141,336.923065186,212.989944458,350.792816162,672.213012695,626.46484375,762.271484375,577.330200195,446.752532959,327.526702881,388.066314697,0.302431821823,0.312857300043,0.310342788696,0.34608772397,0.30240380764,0.231767952442,0.248423084617,0.384283721447,0.674433410168,1.0,0.41097587347,0.182187691331,0.222553730011,0.212530270219,0.150081947446,0.137687966228,0.16777177155,0.164295718074,0.187237173319,0.22727483511,0.247650548816,0.254771560431,0.267627865076,0.269574820995,5.34412002563,0.36507499218,0.616079986095,3.49091601372,41.4679641724,236.286148071,243.065856934,310.910095215,191.51600647,51.4101448059,4.91857624054,0.33607301116,0.0,0.0,0.0,0.0,0.0,0.00256699998863,0.0,0.0,0.0,0.0,0.0,0.0,0.0,0.0,0.0,0.0,0.0,0.000679999997374,0.0,0.0,0.0,0.0,0.0,0.0,0.0,0.0,0.0,0.0,0.0,0.0,0.0,0.0,0.0,0.0,0.0,0.0,0.0,0.0,0.0,0.0,0.0,0.000289000017801,0.0,0.0,0.0,0.0,0.0,0.0,35.9501571655,27.1289234161,30.5128078461,18.592338562,26.1800346375,27.3417301178,26.92694664,24.1762619019,28.3223400116,33.9692459106,35.5009651184,40.1387519836,71.7763977051,48.8694419861,54.7635307312,49.1056404114,45.823841095,49.7121658325,46.9477615356,49.1838226318,48.5681495667,43.7817306519,0.0,38.9797935486,53064.0,0.360169073494,1438.7816782,332.582187024,1922.28680555,310.961364627,1897856.0,1215.0,5.0,1.0
6910,595.75604248,547.772033691,545.190429688,560.935913086,889.392028809,1117.13879395,1369.55004883,1607.19885254,1313.20727539,773.860046387,609.218261719,663.1015625,1.0,0.958872914314,0.952499806881,0.611445426941,0.424014627934,0.339066207409,0.295448482037,0.271465748549,0.261310458183,0.242934405804,0.26224809885,0.220302417874,0.245504274964,0.246349334717,0.202929735184,0.181274875998,0.254619836807,0.288207143545,0.29677978158,0.274495095015,0.257512301207,0.378828942776,0.595737934113,0.924348056316,1.71696603298,2.45850610733,33.8579673767,58.2062339783,246.079544067,546.732971191,670.763366699,819.16796875,610.384887695,186.180801392,16.3100547791,1.49678206444,64.1000289917,56.4434013367,63.1938285828,58.5392799377,65.8428573608,63.1380195618,74.0795898438,76.606010437,72.9016265869,73.5216522217,63.5870742798,62.2948684692,,,,,,,,,,,,,0.0,0.0,0.0,0.0,0.0,0.0,0.0,0.0,0.0,0.0,0.0,0.0,11.1130189896,10.0447387695,10.8832979202,8.040184021,13.3127851486,7.69440412521,8.36066818237,9.02530002594,9.04592132568,8.96758556366,8.46227741241,8.49073505402,,,,,,,,,,,,,26.2314758301,30.3411941528,17.6324520111,19.8470077515,18.0848388672,13.0269298553,20.436668396,24.3267459869,24.9459018707,31.6475582123,31.796869278,95.9153518677,52611.0,0.42333123653,1732.57366416,730.202928581,3390.26804765,643.334164385,2002690.0,2698.0,12.0,4.0
7016,1233.50012207,1020.43084717,1330.56188965,1322.52099609,1874.09716797,1769.96643066,1981.74291992,2815.57958984,2456.36474609,1868.01672363,1548.82922363,1904.99487305,0.965477466583,0.927423834801,0.900396347046,0.802230298519,0.723120212555,0.656586825848,0.640651106834,0.512742161751,0.445120930672,0.388335198164,0.364464193583,0.380831420422,0.462047576904,0.550736427307,0.635040938854,0.707370281219,0.754790306091,0.78753298521,0.822723805904,0.865304291248,0.914138495922,0.965361952782,1.0,0.983074963093,0.0,0.0,0.0,0.0,0.0,0.0,0.0,0.0,0.0,0.0,0.0,0.0,0.0,0.0,0.0,0.0,0.0,0.0,0.0,0.0,0.0,0.0,0.0,0.0,0.0,0.0,0.0,0.0,0.0,0.0,0.0,0.0,0.0,0.0,0.0,0.0,0.0,0.0,0.0,0.0,0.0,0.0,0.0,0.0,0.0,0.0,0.0,0.0,0.0,0.0,0.0,0.0,0.0,0.0,0.0,0.0,0.0,0.0,0.0,0.0,0.0,0.0,0.0,0.0,0.0,0.0,0.0,0.0,0.0,0.0,0.0,0.0,26.2314758301,30.3411941528,17.6324520111,19.8470077515,18.0848388672,13.0269298553,20.436668396,24.3267459869,24.9459018707,31.6475582123,31.796869278,95.9153518677,0.0,0.497915377735,949.784932848,654.97319164,4841.03506788,921.870617346,2367330.0,2600.0,10.0,4.0
7429,656.76550293,552.503112793,640.538452148,715.239257812,1052.7644043,1499.67980957,1592.61987305,1827.28112793,1560.4786377,1046.06604004,680.295043945,653.304443359,0.865547299385,1.0,0.98790115118,0.870838105679,0.711785972118,0.594623148441,0.520615577698,0.474003225565,0.450728267431,0.431927233934,0.408410519361,0.425283640623,0.306733816862,0.320012778044,0.330472230911,0.325371056795,0.366422116756,0.420087814331,0.48222926259,0.55855345726,0.618675708771,0.697334766388,0.783469974995,0.894388914108,0.0,0.0,0.0,0.0,0.0,0.0,0.0,0.0,0.0,0.0,0.0,0.0,,,,,,,,,,,,,,,,,,,,,,,,,,,,,,,,,,,,,,,,,,,,,,,,,,,,,,,,,,,,,26.2314758301,30.3411941528,17.6324520111,19.8470077515,18.0848388672,13.0269298553,20.436668396,24.3267459869,24.9459018707,31.6475582123,31.796869278,95.9153518677,0.0,0.716333290763,1217.58667478,531.178291466,3302.50936349,665.411796825,2059708.0,2500.0,9.0,2.0
7510,2060.22631836,1561.36364746,1269.86315918,1518.54187012,1554.92663574,1405.79638672,944.688781738,0.0,0.0,0.0,0.0,0.0,1.0,0.949269652367,0.91096162796,0.886668145657,0.608033716679,0.422118932009,0.377587556839,0.382473021746,0.372789055109,0.368567168713,0.365042448044,0.449844270945,0.722720682621,0.891440033913,0.715598642826,0.639148175716,0.52479660511,0.558252811432,0.702294528484,0.771953582764,0.78182798624,0.772316634655,0.92461502552,0.972673356533,254.462142944,104.810745239,56.03956604,15.3993310928,41.001789093,188.806716919,126.702392578,0.0,0.0,0.0,0.0,0.0,39.5119628906,37.8827171326,40.4722900391,43.7949256897,50.2788772583,49.4668884277,46.7890853882,0.0,0.0,0.0,0.0,0.0,1.89317107201,1.48763597012,1.88416099548,1.25216901302,1.55966508389,1.6357229948,1.34774303436,1.18830001354,1.74064707756,1.68932402134,1.99471199512,1.47801399231,118.801422119,30.6349182129,39.2000808716,12.002374649,18.2894496918,39.0753669739,28.164018631,0.0,0.0,0.0,0.0,0.0,,,,,,,,,,,,,36.5750236511,16.9630260468,9.61494541168,13.2857379913,27.7230052948,16.0156497955,14.7736635208,9.9874830246,20.350479126,36.0941963196,47.5742797852,48.8895683289,24.9779472351,2.99931001663,10.7135534286,38.30103302,32.4989700317,5.2302031517,1.70141100883,2.25464200974,10.3596982956,4.80261898041,4.92989826202,5.3171749115,13168.0,0.599344185194,604.345455786,359.931056585,6814.25346629,1211.93260836,1358176.0,3850.0,10.0,3.0
7731,464.333587646,351.262451172,426.77331543,456.368133545,717.75213623,1152.19787598,1202.88830566,1442.8347168,1153.6730957,638.411132812,407.843048096,470.78213501,0.9284055233,0.820418000221,0.592492282391,0.396833777428,0.330205053091,0.28276771307,0.265695393085,0.243169978261,0.229872554541,0.223863869905,0.216102987528,0.229748085141,0.372967511415,0.443869918585,0.423974901438,0.387185871601,0.418530255556,0.538517415524,0.748766362667,0.752267301083,0.703247487545,0.725712180138,0.893283367157,1.0,2.10461711884,2.54670214653,23.8456954956,64.2263565063,251.457565308,603.789978027,637.49822998,824.248046875,591.143920898,198.008468628,13.9485168457,1.20387196541,,,,,,,,,,,,,,,,,,,,,,,,,,,,,,,,,,,,,,,,,,,,,,,,,88.5701217651,69.323928833,87.0118179321,80.9071502686,81.9235076904,73.4284057617,66.1960830688,72.3208084106,69.1763153076,69.9710998535,68.6793518066,91.6171340942,24.9779472351,2.99931001663,10.7135534286,38.30103302,32.4989700317,5.2302031517,1.70141100883,2.25464200974,10.3596982956,4.80261898041,4.92989826202,5.3171749115,75967.0,0.546932826952,1057.9434955,487.570318655,2661.16494195,555.113284774,1980502.0,2120.0,8.0,3.0
7741,322.201263428,250.241867065,307.753173828,242.49281311,331.237243652,857.082336426,952.743164062,862.3828125,680.664978027,0.0,187.159851074,1005.77880859,0.858308315277,0.92366206646,1.0,0.984322488308,0.832650780678,0.678913891315,0.554272353649,0.45532438159,0.404885977507,0.373698979616,0.353540211916,0.268274903297,0.332562804222,0.332469493151,0.316198259592,0.34274032712,0.358392357826,0.356432646513,0.352789491415,0.364349484444,0.385680615902,0.585001289845,0.783431470394,0.804136633873,2.10461711884,2.54670214653,23.8456954956,64.2263565063,251.457565308,603.789978027,637.49822998,824.248046875,591.143920898,198.008468628,13.9485168457,1.20387196541,,,,,,,,,,,,,,,,,,,,,,,,,,,,,,,,,,,,,,,,,,,,,,,,,,,,,,,,,,,,,24.9779472351,2.99931001663,10.7135534286,38.30103302,32.4989700317,5.2302031517,1.70141100883,2.25464200974,10.3596982956,4.80261898041,4.92989826202,5.3171749115,,0.619018856076,591.23838215,297.459283749,2296.97153664,568.460798749,1402926.0,1840.0,12.0,2.0
7769,322.996276855,222.987442017,235.880523682,237.802459717,358.88848877,592.009460449,539.588562012,617.875915527,483.157287598,297.014953613,238.527023315,307.950531006,0.872750401497,0.860101044178,0.849019527435,1.0,0.954737722874,0.374334335327,0.228754624724,0.228013411164,0.198648050427,0.202360957861,0.193600744009,0.254929840565,0.250451803207,0.250245451927,0.223353356123,0.236828520894,0.281534790993,0.344201207161,0.298514485359,0.31829893589,0.396390914917,0.537561297417,0.547181904316,0.767239272594,0.0715700015426,0.0491980016232,0.505137979984,3.96616816521,84.557220459,292.214630127,259.366973877,318.610412598,200.415008545,37.7223205566,0.0750209987164,0.0473790019751,37.0474052429,32.4149208069,35.4655723572,41.6001396179,49.7041244507,54.8712768555,55.8403434753,56.5819664001,53.3331985474,48.2142601013,35.9147949219,32.9703445435,6.2358379364,4.97469329834,5.45385503769,6.02461290359,5.4151802063,6.11432218552,4.98635530472,6.2560172081,5.80522823334,6.26410913467,4.80124187469,5.15123796463,0.0,0.0,0.227324008942,1.954439044,41.4537010193,134.980255127,129.311401367,158.843307495,99.9147109985,18.7927856445,0.015453000553,0.0,7.62223911285,6.11522293091,7.2957201004,6.18298530579,6.1954293251,6.16918087006,5.7283372879,6.20365715027,4.61595916748,6.0152630806,5.92419433594,5.97522830963,114.294418335,69.7467193604,80.4225845337,69.6115493774,55.9591064453,49.2582817078,33.7555236816,32.018787384,45.0947799683,74.2125320435,73.2225570679,83.5850067139,135.054962158,89.3494644165,78.961807251,87.7682113647,131.81451416,185.144363403,161.122253418,178.298629761,151.976776123,55.2548446655,13.1674184799,38.311164856,44545.0,0.253334455936,720.334379636,290.629657654,1349.68020153,252.670774502,1614142.0,960.0,6.0,3.0
7800,0.0,0.0,0.0,0.0,0.0567120015621,0.0,0.0,0.0,0.0,0.0,0.0,0.0,0.0,0.0,0.0,0.0,0.0,0.0,0.0,0.0,0.0,0.0,0.0,0.0,0.0,0.0,0.0,0.0,0.0,0.0,0.0,0.0,0.0,1.0,0.0,0.0,0.0,0.0,0.0,0.0,0.0,0.0,0.0,0.0,0.0,0.0,0.0,0.0,44.2451171875,38.9483261108,42.2242774963,41.9518852234,46.1843757629,42.215385437,45.2880706787,41.5706634521,40.335559845,40.2574806213,39.072052002,35.5913696289,4.06383323669,3.17614412308,1.89104604721,2.12680196762,2.41241908073,2.72715711594,2.4347910881,2.87425804138,2.04387593269,1.82724499702,2.08622312546,2.59819507599,74.2624588013,28.7149391174,35.4675941467,25.8922576904,69.0414886475,160.183013916,150.480484009,188.254516602,131.68397522,44.7869949341,34.8576164246,74.551612854,14.9490356445,16.563627243,6.56307125092,6.48198127747,9.02749347687,8.96926784515,8.59181690216,8.18944454193,4.5753121376,5.76998710632,8.89508056641,4.85428190231,,,,,,,,,,,,,264.507507324,236.776885986,263.523651123,214.87097168,252.496887207,229.617767334,183.771377563,202.065093994,217.315551758,270.149963379,316.993255615,236.179748535,0.0,-2.86311449595e-05,0.604624525531,0.0620340526289,2.31666660309,0.120944080862,210278.0,2000.0,10.0,2.0
7850,617.80291748,584.612731934,644.237609863,658.840637207,989.855285645,1536.7557373,1558.71240234,1718.84375,1123.25598145,825.868164062,630.590270996,682.148193359,0.962909698486,0.966083526611,1.0,0.882023334503,0.664123117924,0.550633072853,0.473251134157,0.391775429249,0.347430974245,0.326182633638,0.331138134003,0.361962497234,0.429789483547,0.388235002756,0.429640710354,0.436378329992,0.431365638971,0.491541862488,0.561633527279,0.627557873726,0.777015089989,0.915273964405,0.920697748661,0.901694297791,0.0,0.0,0.0,0.0,0.0,0.0,0.0,0.0,0.0,17.1665840149,20.4279651642,0.885376989841,0.0,0.0,0.0,0.0,0.0,0.0,0.0,0.0,0.0,3.50118398666,50.6570777893,46.6908226013,0.0,0.0,0.0,0.0,0.0,0.0,0.0,0.0,0.0,0.000662999984343,2.90591216087,2.48429512978,0.0,0.0,0.0,0.0,0.0,0.0,0.0,0.0,0.0,6.05227231979,45.2871513367,79.0875701904,0.0,0.0,0.0,0.0,0.0,0.0,0.0,0.0,0.0,0.0,1.88825798035,0.0,0.0,0.0,0.0,0.0,0.0,0.0,0.0,0.0,0.0,0.0707710012794,60.190574646,47.2722244263,264.507507324,236.776885986,263.523651123,214.87097168,252.496887207,229.617767334,183.771377563,202.065093994,217.315551758,270.149963379,316.993255615,236.179748535,0.0,0.270587004777,982.176042544,497.169520793,3440.11387857,623.394163833,2100958.0,2200.0,6.0,
7866,335.967956543,272.675018311,307.885986328,338.386505127,525.667785645,1082.64672852,932.745544434,1129.90820312,830.82623291,414.230529785,299.30368042,308.50302124,0.708553791046,0.665343284607,1.0,0.858489453793,0.737866401672,0.67254191637,0.514760434628,0.372307300568,0.404876768589,0.383155554533,0.347651541233,0.310062259436,0.31108418107,0.303554564714,0.297456473112,0.310466051102,0.325619310141,0.398383259773,0.409273594618,0.465133816004,0.508968353271,0.574547767639,0.759094953537,0.714789271355,2.50241708755,0.0106760002673,0.00868699979037,26.2307624817,163.453048706,609.718200684,507.840667725,700.461547852,475.722015381,107.005485535,2.0862569809,0.00192100007553,31.6361160278,29.353509903,34.3994140625,42.24401474,44.1027946472,52.2745437622,35.443572998,52.2766838074,48.3195075989,46.6275177002,37.428440094,31.8955364227,0.0,0.0,0.0,0.0,0.0,0.0,0.0,0.0,2.32502198219,2.35975313187,2.6950609684,3.30031204224,19.4259338379,3.06844902039,4.14798307419,9.56013679504,42.2979202271,137.396972656,111.692909241,155.36265564,109.081100464,28.3888778687,14.9016056061,33.2285728455,,,,,,,,,,,,,55.4563293457,36.0423278809,64.2739715576,46.6030006409,38.0523605347,34.4670257568,24.4573402405,18.0921993256,18.1430797577,35.9090309143,50.4651794434,53.0491294861,3.64860796928,3.71608114243,3.32499599457,3.73979616165,5.01829814911,3.24893808365,1.46531498432,2.86560511589,2.34106993675,2.14312195778,4.15359306335,7.72444295883,64311.0,0.386110261257,731.827569653,298.199326675,2497.34097258,511.95012698,1955390.0,1100.0,4.0,3.0
8317,511.03994751,398.812927246,452.240814209,534.251403809,692.24407959,967.144836426,1031.25061035,1127.43908691,972.082214355,693.899841309,557.88861084,584.222167969,1.0,0.949506342411,0.894675731659,0.869485676289,0.768875420094,0.651224970818,0.537295758724,0.446045547724,0.404547542334,0.395295858383,0.393991023302,0.428163409233,0.506425023079,0.62218528986,0.739397227764,0.810716211796,0.88731700182,0.997462689877,0.959299266338,0.944072127342,0.921510219574,0.935419619083,0.97979849577,0.992314338684,0.0,0.0,0.0,0.0,0.0,0.0,0.0,0.0,0.0,0.0,0.0,0.0,,,,,,,,,,,,,,,,,,,,,,,,,,,,,,,,,,,,,,,,,,,,,,,,,0.0,0.0,0.0,0.0,0.0,0.0,0.0,0.0,0.0,0.0,0.0,0.0,3.64860796928,3.71608114243,3.32499599457,3.73979616165,5.01829814911,3.24893808365,1.46531498432,2.86560511589,2.34106993675,2.14312195778,4.15359306335,7.72444295883,0.0,0.389522102841,328.125602644,280.259451809,1986.9597098,369.200994327,1826046.0,1576.0,9.0,2.0
8626,623.015319824,401.615142822,438.261230469,429.294799805,559.686706543,879.600402832,889.197143555,943.425720215,831.85144043,594.719726562,550.377502441,732.416687012,0.814628481865,0.930428028107,0.986872196198,1.0,0.903704702854,0.779446780682,0.606633841991,0.474574267864,0.391117990017,0.361539632082,0.366954088211,0.39207020402,0.391272425652,0.379842251539,0.418232679367,0.397637069225,0.403041541576,0.436304479837,0.456259340048,0.462334036827,0.496331334114,0.521393656731,0.563904166222,0.680165529251,0.0,0.0,0.0,0.0,0.0,0.0,0.0,0.0,0.0,0.0,0.0,0.0,,,,,,,,,,,,,,,,,,,,,,,,,,,,,,,,,,,,,,,,,,,,,,,,,,,,,,,,,,,,,3.64860796928,3.71608114243,3.32499599457,3.73979616165,5.01829814911,3.24893808365,1.46531498432,2.86560511589,2.34106993675,2.14312195778,4.15359306335,7.72444295883,,0.242122413682,739.987387277,330.128050269,2827.53472328,399.802746674,1863714.0,3500.0,12.0,2.0
9052,535.078613281,439.292175293,503.633789062,550.658996582,909.622680664,1437.58081055,1581.87219238,1718.25561523,1332.90588379,784.055297852,510.69720459,539.265808105,0.900247871876,0.770294547081,0.728348731995,0.817483723164,0.641293287277,0.452292382717,0.331564486027,0.302462130785,0.286620825529,0.26724511385,0.272418916225,0.320398032665,0.411179989576,0.488911509514,0.710558533669,0.754523575306,0.686799943447,0.697087347507,0.706396520138,0.706954598427,0.741969585419,0.821597218513,0.879146516323,1.0,0.0,0.0,0.0,0.0,0.0,0.0,0.0,0.0,0.0,0.0,0.0,0.0,,,,,,,,,,,,,,,,,,,,,,,,,,,,,,,,,,,,,,,,,,,,,,,,,0.0,0.0,0.0,0.0,0.0,0.0,0.0,0.0,0.0,0.0,0.0,0.0,3.64860796928,3.71608114243,3.32499599457,3.73979616165,5.01829814911,3.24893808365,1.46531498432,2.86560511589,2.34106993675,2.14312195778,4.15359306335,7.72444295883,0.0,0.41279399295,749.03954688,433.190195837,3107.89619891,699.86049224,2098064.0,2400.0,12.0,4.0
9499,438.291625977,381.723175049,451.151184082,466.776367188,698.716430664,950.835266113,929.142822266,708.595458984,0.0,394.027618408,508.816955566,519.921630859,0.783288657665,0.888139724731,1.0,0.846209049225,0.721523940563,0.609826207161,0.461260199547,0.362440466881,0.294372200966,0.289335399866,0.315719902515,0.340101540089,0.353049278259,0.308171182871,0.275866597891,0.303013443947,0.352091580629,0.369257211685,0.40510982275,0.568632423878,0.647345721722,0.699808835983,0.733671545982,0.776389122009,0.508368015289,1.59864604473,4.03479719162,17.8391036987,111.477348328,289.731842041,308.573669434,249.830123901,0.0,30.7094116211,8.03960609436,0.00384200015105,,,,,,,,,,,,,4.10028123856,4.79541110992,5.38257408142,7.34700918198,8.53593826294,10.7572431564,8.35527896881,4.56512928009,4.15748596191,4.45507097244,5.39673519135,9.55994987488,28.9980564117,15.3423471451,13.6465463638,10.2893009186,26.9064617157,60.9930419922,68.6222381592,81.2970581055,60.5623321533,18.9258117676,18.4330997467,39.1705513,,,,,,,,,,,,,42.9876289368,49.841178894,48.4502220154,63.6758460999,68.7464675903,52.3912124634,41.133895874,23.1314411163,0.0,136.758590698,254.115844727,241.819869995,0.0,0.0,0.0,0.0,0.0,0.0,0.0,0.0,0.0,1.34621298313,0.0,0.0,39103.0,0.237274642202,630.529251443,301.790776628,2532.04583931,483.88448856,1735230.0,1100.0,3.0,1.0
9609,880.583679199,512.07800293,989.255126953,711.855407715,579.403930664,984.864685059,1045.87915039,1147.23388672,838.435791016,624.529663086,925.01776123,1490.0111084,0.711914241314,0.744310200214,0.824916601181,0.936217308044,1.0,0.931588947773,0.768343865871,0.574632048607,0.484073191881,0.429551720619,0.417373120785,0.563260436058,0.539509475231,0.627058982849,0.535316944122,0.486079752445,0.474211663008,0.470666617155,0.502019703388,0.530561447144,0.549000740051,0.55606430769,0.535042226315,0.612888038158,0.817326009274,0.273326009512,13.3594331741,30.0686149597,113.471481323,396.954650879,431.436859131,514.311706543,319.071655273,93.3407287598,14.9873189926,1.16370105743,,,,,,,,,,,,,,,,,,,,,,,,,84.5551300049,42.1293487549,31.6812858582,25.5980052948,50.0729217529,162.019546509,170.030776978,170.407455444,123.673027039,73.9406509399,66.5302124023,103.567993164,,,,,,,,,,,,,,,,,,,,,,,,,64.8927764893,42.857460022,45.1020355225,42.77526474,35.4231719971,41.702293396,36.705280304,40.4979438782,36.1228256226,42.4235687256,45.5411643982,78.5344772339,47662.0,0.240873829682,735.432120824,303.644904648,3059.40207609,535.866849913,2187332.0,1080.0,5.0,
9654,241.376647949,178.845901489,182.470672607,212.734695435,355.453155518,610.282592773,809.252624512,881.059997559,826.102416992,410.525115967,217.224472046,256.758666992,0.950779259205,1.0,0.992605268955,0.864849925041,0.726467549801,0.595947921276,0.499520480633,0.377042382956,0.300741195679,0.274874776602,0.230287775397,0.219133302569,0.243663653731,0.318084567785,0.267914801836,0.303233712912,0.328471541405,0.404210358858,0.448849111795,0.460040450096,0.515093684196,0.559546351433,0.703187584877,0.871723890305,0.0,0.00122400000691,0.0,21.2242622375,130.144515991,300.643096924,441.202423096,490.006103516,426.772094727,126.938560486,6.93214130402,0.0,,,,,,,,,,,,,10.4798374176,9.46679019928,10.5937709808,6.90179634094,10.0751180649,9.4124917984,9.42245388031,7.10958719254,7.48513412476,9.77505111694,8.55812358856,9.33837223053,47.7804908752,12.7891168594,8.48458099365,12.5391664505,40.6653938293,85.4531021118,122.652160645,130.634979248,114.881240845,38.5012588501,29.1607131958,55.356098175,,,,,,,,,,,,,29.9320201874,16.3126735687,21.3884143829,21.2640762329,15.4404878616,17.8237857819,21.2625293732,30.4173526764,25.7558841705,38.0342712402,20.6208820343,30.103685379,9.99742794037,12.2156219482,12.0760354996,11.0557804108,11.5686187744,9.13926792145,7.37777900696,13.9247512817,11.1840791702,19.6110992432,14.1159162521,21.9279937744,49515.0,0.44483365542,574.608613976,279.350759489,2543.53228792,470.66466749,1889858.0,1300.0,2.0,0.0
9729,0.0,0.0,0.0,0.0,0.0,0.0,0.0,0.0,0.0,0.0,0.0,0.0,,,,,,,,,,,,,,,,,,,,,,,,,0.0,0.0,0.0,0.0,0.0,0.0,0.0,0.0,0.0,0.0,0.0,0.0,60.8500404358,56.7783508301,62.0090484619,60.2993240356,68.0374832153,65.1896972656,57.0242576599,63.2755813599,69.4356689453,67.5884628296,59.4170074463,50.3168373108,1.38723397255,1.18690598011,2.09445095062,1.59568798542,1.2892459631,0.845086991787,1.08018004894,0.971006035805,1.15532004833,1.44479596615,1.03278398514,1.38050198555,57.137512207,27.611366272,26.4084625244,22.263048172,55.9361534119,111.186714172,88.525428772,144.883453369,134.52003479,59.5963554382,43.183467865,62.2973327637,,,,,,,,,,,,,0.0,0.0,0.0,0.0,0.0,0.0,0.0,0.0,0.0,0.0,0.0,0.0,9.99742794037,12.2156219482,12.0760354996,11.0557804108,11.5686187744,9.13926792145,7.37777900696,13.9247512817,11.1840791702,19.6110992432,14.1159162521,21.9279937744,0.0,,0.0,0.0,0.0,0.0,210192.0,2222.0,11.0,4.0
9922,1436.99133301,1282.74304199,1469.95227051,1621.25769043,630.2109375,1197.91271973,2701.20629883,2579.11816406,1487.50793457,716.921203613,1683.91308594,1708.5579834,0.960043430328,0.904413998127,0.864051222801,0.716489434242,0.506932079792,0.397217482328,0.346935927868,0.311607658863,0.288937747478,0.281427353621,0.277484565973,0.270053178072,0.31456464529,0.477246671915,0.641070902348,0.68909829855,0.744647741318,0.768867075443,0.790592372417,0.86293143034,0.884078502655,0.903438866138,0.959468483925,1.0,26.6615943909,13.3130569458,64.9394378662,160.928375244,97.669960022,533.029418945,971.958862305,1059.44335938,553.590576172,91.3910293579,61.456993103,6.73557043076,,,,,,,,,,,,,7.55332136154,7.20652103424,7.34252119064,8.10107803345,3.31231403351,2.01674413681,7.17272520065,8.24097156525,4.47776603699,0.342278003693,8.71071529388,8.78068733215,26.2671756744,19.3449115753,22.8065376282,33.2091255188,40.2405471802,50.0304908752,97.8156356812,121.174812317,68.36277771,11.5857725143,30.3047447205,31.3055686951,8.08535289764,8.88697147369,9.1044178009,8.00094795227,0.72219401598,1.41242802143,9.83320808411,8.84338283539,3.32955217361,0.0,13.2791252136,18.1247711182,73.0791091919,69.5853881836,73.1326751709,91.0276947021,20.4011898041,20.391960144,74.7169189453,72.8017044067,39.1381988525,2.88712716103,83.447883606,85.4993743896,147.679412842,123.674484253,129.57585144,134.52243042,84.200050354,92.4947433472,140.074768066,131.154724121,105.423019409,73.5972213745,160.022079468,159.555770874,80250.0,0.685737971716,1226.28834878,836.64990292,4717.08473015,1019.50929349,2421510.0,2300.0,5.0,2.0
9933,700.723693848,608.180358887,681.834350586,727.281677246,1077.04101562,1008.86645508,1114.58996582,1312.85754395,1027.91467285,645.155029297,503.44317627,881.561950684,0.978000044823,1.0,0.819408416748,0.6891720891,0.507661879063,0.408287107944,0.357597649097,0.328708142042,0.306075900793,0.291965901852,0.293558657169,0.267883449793,0.388730317354,0.4783398211,0.362284660339,0.283403605223,0.257334202528,0.330087780952,0.321237981319,0.308221161366,0.352736473083,0.384308248758,0.546631455421,0.688825845718,14.0510950089,8.11523914337,28.9544353485,84.4811248779,199.874130249,420.507720947,462.606262207,540.537963867,370.620727539,138.267074585,42.8938751221,3.94994997978,,,,,,,,,,,,,,,,,,,,,,,,,120.874168396,81.6167602539,82.1665802002,81.2170257568,98.0005340576,167.021286011,189.947052002,204.743347168,162.801727295,115.493255615,131.806137085,173.639633179,,,,,,,,,,,,,81.5782241821,58.1422462463,62.5540161133,65.4808197021,40.4658317566,44.0157699585,61.7766075134,47.1863212585,59.0210952759,56.7248191833,38.8336791992,82.0377197266,54.1307373047,54.9634475708,64.500038147,66.6091995239,73.1071243286,82.2850189209,85.2511062622,85.6649398804,81.3807830811,33.977645874,0.0,0.0,55786.0,0.471194676649,1709.88873682,537.287526361,2949.55311076,505.615667103,2042078.0,1474.0,8.0,5.0
9934,1296.67871094,847.416870117,919.863708496,876.514038086,801.091064453,573.377929688,1610.74389648,1814.76074219,1472.22961426,1011.19598389,1147.9284668,1724.18762207,0.988325297832,1.0,0.866495013237,0.77816259861,0.553097248077,0.53909766674,0.542869448662,0.790279209614,0.437693506479,0.308769702911,0.262054473162,0.293281435966,0.415883898735,0.311723947525,0.358969092369,0.393714010715,0.425658017397,0.480026841164,0.493249952793,0.479846477509,0.525264263153,0.630012333393,0.679253101349,0.678700268269,363.557647705,164.401504517,165.121353149,151.141983032,310.35269165,283.543426514,765.781311035,910.076904297,634.59387207,200.049468994,294.07232666,580.436035156,,,,,,,,,,,,,6.21849822998,4.68894004822,5.02156209946,5.7071890831,4.5797662735,0.533936023712,4.79260587692,6.99255895615,7.31394433975,5.73700714111,5.95744609833,5.11523199081,79.1292190552,34.8605918884,33.5115394592,33.1219673157,58.5305595398,48.7502365112,135.204284668,151.796539307,110.993461609,42.2522239685,108.56426239,225.917358398,39.9630737305,32.7759666443,37.9242286682,36.6709403992,41.8537979126,2.17696905136,35.4759254456,41.1227455139,39.1311264038,43.3003616333,43.8860969543,40.6549224854,16.7611675262,7.54138708115,9.32653999329,10.0872049332,5.26787519455,0.0,6.61417293549,8.38975524902,5.57142686844,10.8393535614,9.69776916504,8.19061756134,54.1307373047,54.9634475708,64.500038147,66.6091995239,73.1071243286,82.2850189209,85.2511062622,85.6649398804,81.3807830811,33.977645874,0.0,0.0,73455.0,0.451207548633,1330.64567933,572.555101947,6957.59307861,769.229333053,2122660.0,2500.0,8.0,2.0
9982,395.320526123,294.272766113,307.923858643,371.762573242,522.944091797,867.915344238,823.337646484,965.400817871,854.335205078,241.024230957,182.547561646,347.270599365,0.896415352821,1.0,0.846976399422,0.689672410488,0.558221578598,0.405720680952,0.332469552755,0.29810872674,0.285576164722,0.266263067722,0.265784025192,0.342150956392,0.515219390392,0.602518618107,0.544485569,0.476123094559,0.517550945282,0.568920373917,0.591966092587,0.642000079155,0.680146932602,0.744786500931,0.803458631039,0.879284143448,0.0,0.0,0.0,0.0,0.0,0.0,0.0,0.0,0.0,0.0,5.22926807404,0.0,0.0,0.0,0.0,0.0,0.0,14.1860246658,62.7074928284,67.3592376709,12.7722873688,37.8193054199,50.0123672485,44.5161170959,0.0,0.0,0.0,0.0,0.0,3.94508814812,1.05308198929,1.61598598957,0.570825994015,1.30150306225,2.09722208977,2.24534296989,0.0,0.0,0.0,0.0,0.0,35.7533302307,139.010665894,167.664810181,34.1368675232,15.3321638107,18.4347496033,37.963432312,0.0,0.0,0.0,0.0,0.0,1.61396300793,9.23086452484,12.967294693,3.70270204544,8.21162891388,17.0453224182,17.4848232269,46.7237014771,45.7306976318,46.1177368164,53.8627853394,54.4133796692,43.9852752686,22.1674060822,24.4291877747,45.676197052,12.383225441,43.2012176514,63.8590545654,0.0,0.0,0.0,0.0,0.0,18.246049881,51.839138031,38.6673164368,10.2309913635,32.8100700378,47.9558792114,61.480178833,0.0,0.547190525324,498.14837494,251.266806929,1967.4420015,431.969519889,1741764.0,1400.0,4.0,3.0
