,aggregate_1,aggregate_2,aggregate_3,aggregate_4,aggregate_5,aggregate_6,aggregate_7,aggregate_8,aggregate_9,aggregate_10,aggregate_11,aggregate_12,hvac_1,hvac_2,hvac_3,hvac_4,hvac_5,hvac_6,hvac_7,hvac_8,hvac_9,hvac_10,hvac_11,hvac_12,fridge_1,fridge_2,fridge_3,fridge_4,fridge_5,fridge_6,fridge_7,fridge_8,fridge_9,fridge_10,fridge_11,fridge_12,wm_1,wm_2,wm_3,wm_4,wm_5,wm_6,wm_7,wm_8,wm_9,wm_10,wm_11,wm_12,furnace_1,furnace_2,furnace_3,furnace_4,furnace_5,furnace_6,furnace_7,furnace_8,furnace_9,furnace_10,furnace_11,furnace_12,dw_1,dw_2,dw_3,dw_4,dw_5,dw_6,dw_7,dw_8,dw_9,dw_10,dw_11,dw_12,dr_1,dr_2,dr_3,dr_4,dr_5,dr_6,dr_7,dr_8,dr_9,dr_10,dr_11,dr_12,light_1,light_2,light_3,light_4,light_5,light_6,light_7,light_8,light_9,light_10,light_11,light_12,area,num_rooms,total_occupants
26,534.915893555,408.059631348,401.902648926,501.315460205,972.204406738,1459.76623535,1376.04943848,1734.19555664,1435.45336914,1043.31774902,726.693359375,813.220214844,8.06094074249,2.26819109917,16.5326366425,47.9294433594,252.918914795,624.465026855,639.564880371,821.793701172,582.372009277,263.120178223,47.6716575623,0.548062980175,0.0,0.0,0.0,0.0,0.0,0.0945539996028,0.0,0.0,0.0,0.0,30.697971344,46.7932319641,,,,,,,,,,,,,0.0,0.0,0.0,0.0,0.0,0.0,0.0,0.0,0.0,0.0,16.0338554382,26.9863109589,0.0,0.0,0.0,0.0,0.0,0.0163880009204,0.0,0.0,0.0,0.0,7.80356121063,10.5904226303,,,,,,,,,,,,,0.0,0.0,0.0,0.0,0.0,0.102577999234,0.0,0.0,0.0,0.0,46.1503944397,140.311767578,2047.0,6.0,4.0
94,559.812927246,385.641143799,419.379150391,380.643280029,430.320739746,587.913879395,644.695800781,465.078521729,588.891967773,406.837554932,339.011505127,316.998596191,1.13315200806,0.000339999998687,0.0525810010731,1.94191002846,35.3420982361,118.666191101,129.481460571,88.7382354736,104.127075195,25.6043300629,3.37774705887,3.2244579792,48.3241157532,40.6596984863,47.6957435608,49.9066123962,57.8110351562,58.6554908752,61.851524353,64.0620346069,60.3739547729,57.1977233887,47.9228973389,46.7512588501,2.28976392746,0.916231989861,2.47086501122,4.16430330276,1.54771399498,2.11342310905,2.04078197479,1.69704198837,3.41900610924,0.84549498558,4.26057386398,2.0916800499,22.8770866394,13.0824689865,11.8903779984,18.0380382538,18.5330257416,28.6680698395,30.9687652588,23.5153865814,27.2404098511,12.8856945038,10.6612100601,24.7054042816,4.95278024673,1.0578930378,1.95085203648,3.95969104767,4.38972330093,1.52063298225,2.47878694534,0.650335013866,3.0940849781,5.3923830986,2.30440115929,5.24841022491,12.9183511734,9.36740779877,9.1910161972,10.7425889969,11.020980835,6.3555688858,6.49508810043,2.93700504303,9.93204593658,4.26788425446,10.7600650787,17.1886825562,0.0,0.0,0.0,0.0,0.0,0.102577999234,0.0,0.0,0.0,0.0,46.1503944397,140.311767578,1713.0,3.0,2.0
252,1455.10229492,806.494140625,1240.78515625,1385.44580078,2350.59033203,2997.53393555,2261.58813477,2258.89208984,1832.88696289,1322.90307617,1102.99060059,1119.47998047,1.13315200806,0.000339999998687,0.0525810010731,1.94191002846,35.3420982361,118.666191101,129.481460571,88.7382354736,104.127075195,25.6043300629,3.37774705887,3.2244579792,,,,,,,,,,,,,,,,,,,,,,,,,,,,,,,,,,,,,,,,,,,,,,,,,,,,,,,,,,,,,0.0,0.0,0.0,0.0,0.0,0.102577999234,0.0,0.0,0.0,0.0,46.1503944397,140.311767578,2700.0,4.0,4.0
370,879.270324707,807.491271973,756.234924316,771.024353027,1302.82971191,1909.64135742,1948.6895752,2658.14990234,1965.10839844,1365.27941895,964.706359863,762.09362793,1.43208003044,1.45193600655,1.62455403805,2.10760903358,275.581604004,815.937805176,833.662353516,1169.24938965,783.030151367,333.768096924,37.9759941101,1.67703306675,48.1593513489,45.6737632751,47.8109016418,46.7073974609,47.8599662781,44.2533111572,53.1141395569,52.1665916443,49.6650772095,49.9816169739,45.9724197388,7.94981193542,4.97756624222,5.49982309341,6.4215631485,7.1338801384,5.45917606354,5.68599033356,5.40948486328,4.89506530762,3.8436319828,5.21944189072,10.1617164612,1.49353504181,30.081993103,25.1274452209,19.622335434,32.9120864868,95.7402114868,241.520019531,308.036682129,413.595733643,287.24621582,154.779907227,35.1201629639,7.53598117828,17.2137069702,20.5170459747,15.9066619873,12.8609256744,26.1435871124,14.3517570496,9.24679279327,18.5798435211,8.787317276,9.72379589081,16.9679374695,2.65167713165,48.9840202332,61.0372619629,56.9575996399,72.6376190186,62.749042511,71.798789978,59.6843986511,55.2547454834,42.4658126831,46.7699584961,112.047492981,14.7927885056,0.0,0.0,0.0,0.0,0.0,0.0,0.0,0.0,0.0,0.0,0.0,0.0,2682.0,8.0,2.0
410,347.214996338,239.300384521,235.6953125,271.780029297,430.639709473,775.190307617,889.972717285,998.072265625,682.868774414,444.452026367,334.632080078,542.285644531,0.167433008552,0.136815994978,0.949160993099,11.7707834244,145.884658813,459.6378479,511.527160645,589.161743164,333.388153076,101.821739197,0.132464006543,0.159341007471,26.8555965424,24.4879055023,27.7873325348,34.9481582642,43.9401550293,44.9379386902,46.7652320862,49.4038200378,44.7773704529,51.341342926,40.0786743164,49.1758651733,,,,,,,,,,,,,35.0479469299,15.2577724457,12.9442596436,8.5684595108,28.3679847717,75.4300689697,84.1133651733,93.729888916,56.6297035217,19.9620285034,16.8829212189,41.1496734619,,,,,,,,,,,,,107.803634644,68.1294937134,76.2138748169,62.6072273254,17.4479846954,1.42891800404,1.70110499859,48.13621521,51.4464035034,57.3168945312,79.4954147339,88.3503265381,0.0,0.0,0.0,0.0,0.0,0.0,0.0,0.0,0.0,0.0,0.0,0.0,1299.0,8.0,2.0
545,699.864013672,670.649719238,754.993286133,696.883361816,1226.83410645,1940.21508789,1791.53942871,2202.53149414,1438.03234863,1099.36645508,573.181884766,800.50012207,4.56694793701,1.54064202309,32.2791938782,108.417007446,379.72354126,955.640014648,890.840698242,1146.28417969,707.87322998,337.926300049,8.04596424103,1.80631804466,37.5438537598,35.6025924683,41.9303474426,40.2389335632,48.8307991028,53.9377365112,56.7508468628,57.4432373047,50.8983917236,52.1688690186,38.2020759583,28.4170131683,9.41167640686,10.6369342804,12.7620534897,9.10946750641,12.6376981735,13.2664089203,7.24244213104,15.4200878143,6.89319419861,11.1660423279,4.4907541275,10.9136428833,64.0130386353,25.6887512207,34.2506141663,48.8469848633,144.602310181,289.68069458,271.705383301,332.902374268,223.565032959,121.765716553,49.5931663513,91.9996337891,16.5520172119,16.4683933258,18.1248893738,12.4921445847,18.0270900726,15.841501236,12.6292495728,18.67927742,13.1806106567,19.2509021759,8.89873504639,17.1080360413,,,,,,,,,,,,,0.0,0.0,0.0,0.0,0.0,0.0,0.0,0.0,0.0,0.0,0.0,0.0,2445.0,12.0,2.0
624,509.132843018,258.300506592,239.295806885,266.671600342,368.332214355,613.53717041,808.440368652,768.58013916,602.243774414,389.846801758,406.7762146,727.159973145,178.755523682,8.7733259201,0.000153000000864,10.3613471985,78.7397537231,315.469696045,416.251861572,420.38104248,263.172515869,59.0225563049,73.328704834,190.232437134,29.4299411774,29.8367176056,33.2271308899,35.1390838623,39.6250953674,40.4487113953,39.1233596802,43.9896240234,41.674156189,42.1280250549,31.2605018616,16.8868999481,2.56688094139,2.27759194374,2.08299303055,2.25442099571,2.49993515015,2.02486991882,2.40728497505,2.35246014595,2.43548798561,2.48052096367,2.22244405746,1.13231897354,27.5760231018,15.4277553558,13.4021034241,18.1507987976,27.1548309326,47.5517196655,72.0277633667,60.9927368164,42.518497467,30.8610019684,26.7271957397,24.5199680328,22.1898784637,21.830499649,18.2570304871,22.8358955383,20.8881893158,19.2808055878,14.7384567261,20.9435405731,22.9025192261,20.1369590759,0.869890034199,6.68989133835,0.0,0.0,0.0,0.0,0.0,0.0,0.0,0.0,0.0,6.09971904755,0.0974610000849,11.3849172592,69.3731918335,57.415763855,55.0268440247,56.7032623291,65.651008606,59.8840942383,72.0210266113,68.1798934937,79.6134643555,47.6071243286,16.5378379822,9.9491481781,2100.0,7.0,4.0
871,593.218200684,510.632568359,572.938659668,576.606506348,638.709106445,889.021362305,865.280822754,1017.44390869,758.514038086,528.754821777,574.11328125,692.386047363,28.8109035492,26.1160469055,28.8948669434,28.1364631653,81.0820617676,303.241821289,329.422332764,422.175384521,266.699188232,79.8574676514,33.912689209,29.4484195709,35.0636062622,64.7787017822,78.8588867188,78.5475463867,43.6383705139,0.523667991161,0.214285001159,0.704632997513,45.9373855591,68.3160324097,58.5562782288,54.3939323425,1.06773602962,2.06561899185,2.28775811195,3.16716814041,2.2803800106,1.90796101093,1.84706699848,2.41894698143,1.89006006718,1.31869006157,2.09215593338,3.16048693657,14.2952318192,23.5594673157,19.9823951721,14.1886253357,24.1822967529,72.302772522,79.534538269,92.4621887207,64.8102416992,19.8323020935,25.7153224945,47.1081047058,0.0,0.0,0.0,0.0,0.0,0.0,0.0,0.0,8.75581645966,11.4817657471,22.4505062103,19.9249687195,19.3538379669,45.6210975647,63.0253601074,63.4202842712,48.5263824463,40.9201049805,34.2613067627,51.981174469,39.6478614807,39.8551063538,67.6257629395,91.0013275146,13.9118146896,33.8252906799,31.6956501007,45.8072166443,59.242893219,70.2065658569,62.7899589539,67.2906570435,15.2242479324,0.0,0.0,0.0,1652.0,8.0,4.0
1169,563.075317383,388.092285156,484.547607422,387.390625,531.063964844,1082.44616699,989.381469727,851.158447266,776.004394531,517.094909668,428.084625244,374.37210083,0.0,0.0,0.0,0.0,0.0,0.0,0.0,0.0,0.0,3.6843931675,0.788901984692,0.815456032753,0.0,0.0,0.0,0.0,0.0,0.0,0.0,0.0,0.0,22.453125,41.6059036255,33.0321388245,0.0,0.0,0.0,0.0,0.0,0.0,0.0,0.0,0.0,0.152235001326,0.663765013218,0.123929999769,0.0,0.0,0.0,0.0,0.0,0.0,0.0,0.0,0.0,3.32234406471,13.7607011795,27.7850208282,0.0,0.0,0.0,0.0,0.0,0.0,0.0,0.0,0.0,1.62111997604,3.2001991272,1.60262405872,0.0,0.0,0.0,0.0,0.0,0.0,0.0,0.0,0.0,4.51756286621,11.3467521667,12.3444480896,0.0,0.0,0.0,0.0,0.0,0.0,0.0,0.0,0.0,8.20127677917,18.7828063965,15.9828901291,1430.0,6.0,2.0
1283,887.49029541,864.846069336,815.372131348,712.561523438,1104.25756836,1137.18481445,1371.61865234,2111.50805664,1674.86315918,1175.38696289,781.008544922,825.588012695,0.0714510008693,0.0746470019221,9.49007987976,74.5857009888,371.440917969,506.097961426,679.166748047,1222.64916992,886.456604004,423.111114502,31.7783889771,0.108817003667,,,,,,,,,,,,,,,,,,,,,,,,,,,,,,,,,,,,,,,,,,,,,,,,,0.0448799990118,0.143428996205,0.338232010603,0.263669997454,0.357136011124,0.492711007595,0.292434006929,0.0685269981623,0.417520016432,0.253011018038,0.0869719982147,0.0469370000064,0.0,0.0,0.0,0.0,0.0,0.0,0.0,0.0,0.0,8.20127677917,18.7828063965,15.9828901291,2500.0,10.0,5.0
1334,307.864196777,226.051452637,314.047149658,318.607727051,263.513244629,312.818054199,302.7059021,248.782485962,353.104278564,234.46206665,267.034667969,341.524810791,0.150518000126,0.208215996623,0.293675005436,0.202572003007,0.337806999683,45.3923797607,31.1945419312,34.9656181335,50.4660644531,1.15987598896,0.267392992973,0.133976995945,0.0,9.10968780518,78.6190338135,74.0763626099,84.6804504395,92.7899932861,93.8330688477,81.223487854,98.4845199585,76.6226577759,66.2749404907,63.8493499756,,,,,,,,,,,,,44.075340271,15.774266243,14.4584150314,9.55449295044,5.03851127625,11.631280899,9.35671520233,10.3899068832,12.674197197,4.17647504807,30.0854110718,58.6019248962,10.3512487411,7.27569389343,0.0,0.0,0.0,0.0,0.0,0.0,0.0,0.0,0.0,0.0,,,,,,,,,,,,,92.5518035889,75.1142807007,23.8981933594,30.4929676056,34.3237838745,32.1045837402,26.9129390717,13.8376941681,37.0992202759,26.6428260803,26.9595870972,42.2314529419,1100.0,5.0,2.0
1642,447.488830566,435.971252441,638.865783691,648.414001465,1053.77172852,1505.7545166,1471.12402344,1679.45300293,1362.66589355,792.400024414,550.07611084,561.972839355,0.0093160001561,2.10980200768,9.69365501404,28.2485256195,185.528671265,502.067932129,479.907287598,660.282043457,476.429626465,164.873565674,20.4462242126,0.0522750020027,0.0,0.0,0.0,0.0,0.0,0.0,0.0,0.0,0.0,70.8479919434,140.850708008,91.2167510986,0.0,0.0,0.0,0.0,0.0,0.0,0.0,0.0,0.0,2.34577894211,3.60537695885,3.60743403435,0.0,0.0,0.0,0.0,0.0,0.0,0.0,0.0,0.0,68.9614181519,27.1470451355,30.620059967,0.0,0.0,0.0,0.0,0.0,0.0,0.0,0.0,0.0,4.44951200485,8.44362831116,6.98382091522,,,,,,,,,,,,,0.0,0.0,0.0,0.0,0.0,0.0,0.0,0.0,0.0,0.0,0.0,0.0,1720.0,11.0,3.0
1697,0.0,0.0,0.0,0.0,0.0,0.0,0.0,0.0,0.0,0.0,0.0,0.0,0.0,0.0,0.0,0.0,0.0,0.0,0.0,0.0,0.0,0.0,0.0,0.0,82.2657928467,74.6036987305,83.2356719971,81.7125244141,84.6380004883,83.9434356689,90.0494766235,91.0496520996,86.6773376465,90.3555603027,84.8903503418,86.3963851929,5.1664018631,3.79030299187,4.00698518753,4.4798913002,3.658162117,3.77989912033,3.60864114761,4.31692886353,4.46875619888,6.07573223114,6.79746723175,5.94862318039,49.3860206604,28.6515789032,50.6842956543,74.0777740479,133.400405884,229.364440918,215.392105103,231.859313965,193.544464111,130.805358887,58.470905304,66.7077941895,33.423614502,17.6497573853,18.98072052,22.0223274231,20.2964878082,19.0662479401,31.3007583618,31.8992595673,35.1496429443,46.4929084778,27.1513462067,25.5665206909,0.0,0.0,0.0,0.0,0.0,0.0,0.0,0.0,0.0,0.0,0.0,0.0,0.0,0.0,0.0,0.0,0.0,0.0,0.0,0.0,0.0,0.0,0.0,0.0,2085.0,8.0,4.0
1800,662.039367676,486.96685791,569.320556641,532.184753418,883.029785156,1339.4128418,1440.19189453,1448.35351562,1135.55712891,605.393188477,583.178222656,567.587097168,0.0,0.0,0.0,0.0,0.0,0.0,0.0,0.0,0.0,0.0,0.0,0.0,,,,,,,,,,,,,,,,,,,,,,,,,,,,,,,,,,,,,,,,,,,,,,,,,,,,,,,,,,,,,0.0,0.0,0.0,0.0,0.0,0.0,0.0,0.0,0.0,0.0,0.0,0.0,2075.0,9.0,1.0
1953,402.578887939,331.53503418,306.748504639,333.473693848,430.561859131,1132.59179688,1136.46057129,1221.66577148,803.799316406,408.559020996,372.789123535,545.382446289,0.0274379998446,0.0501670017838,6.87408590317,17.772310257,112.348464966,638.533630371,605.422668457,676.193481445,383.175201416,84.6336212158,0.919955015182,0.0723860040307,36.9502830505,34.3917312622,35.7624740601,39.2497711182,43.9984321594,43.9596214294,42.242313385,43.2982521057,40.9855041504,38.7649803162,36.7725982666,31.8921031952,,,,,,,,,,,,,53.1855049133,24.0921287537,16.8091754913,9.35115623474,21.9849777222,105.367614746,106.555427551,112.351097107,68.4581680298,18.8011169434,31.2757511139,58.8925552368,,,,,,,,,,,,,,,,,,,,,,,,,50.9759292603,48.4096946716,54.5570793152,51.0727767944,51.2056007385,52.8695259094,54.1688690186,53.93516922,52.5987319946,23.4549350739,0.0,0.0,1600.0,8.0,2.0
2129,871.519287109,666.277038574,808.880493164,839.51361084,1122.2824707,1703.04968262,1764.66821289,1909.83325195,1568.9675293,1140.80090332,803.306335449,963.048400879,10.0756454468,1.26281106472,48.0916404724,122.545265198,344.335083008,789.619018555,835.208251953,945.836486816,662.707763672,297.439880371,34.3376731873,1.76626598835,,,,,,,,,,,,,,,,,,,,,,,,,,,,,,,,,,,,,,,,,,,,,,,,,,,,,,,,,,,,,50.9759292603,48.4096946716,54.5570793152,51.0727767944,51.2056007385,52.8695259094,54.1688690186,53.93516922,52.5987319946,23.4549350739,0.0,0.0,2042.0,7.0,2.0
2156,795.117431641,634.237365723,935.371032715,725.307800293,1024.51611328,1295.90161133,1197.41638184,1359.27832031,1082.65197754,691.846862793,745.731262207,781.938415527,115.853134155,49.8971939087,124.183456421,112.408203125,307.734283447,608.746459961,511.780853271,665.231506348,486.904693604,191.167175293,126.263694763,161.198120117,51.3593139648,46.5068855286,56.1611824036,50.8596496582,58.9830665588,53.0432472229,56.8595275879,47.1590881348,56.1574440002,53.7640800476,46.7429275513,42.9643554688,3.44907903671,3.7561841011,3.91544008255,1.9641970396,2.35645508766,7.61834621429,5.4866309166,4.13351583481,2.81572699547,3.36880517006,7.47085428238,7.96745824814,21.8727779388,12.8046379089,25.7702503204,21.3524246216,54.9088287354,111.893882751,92.8871841431,113.548904419,87.8409729004,40.0437393188,26.2660541534,34.1796913147,4.20160102844,2.96566700935,6.01087713242,3.43770599365,3.56007194519,2.42251706123,4.51191902161,5.49037122726,4.51511526108,3.99423503876,17.0694446564,18.6382389069,62.3892860413,50.3668518066,71.4038085938,55.9898910522,67.5565185547,53.7850761414,57.3982048035,60.4951972961,27.9401798248,28.778875351,46.4872817993,52.6774940491,50.9759292603,48.4096946716,54.5570793152,51.0727767944,51.2056007385,52.8695259094,54.1688690186,53.93516922,52.5987319946,23.4549350739,0.0,0.0,1780.0,7.0,2.0
2233,438.608520508,362.535614014,421.741729736,418.921569824,698.391357422,1246.45349121,1380.23535156,1525.32666016,1107.61730957,718.846618652,512.21282959,591.98248291,0.0,0.0,0.0,0.0,0.0,0.0,0.0,0.0,0.0,0.0,0.0,0.0,0.0,0.0,0.0,0.0,0.0,0.0,0.0,0.0,0.0,0.0,0.0,0.0,0.0,0.0,0.0,0.0,0.0,0.0,0.0,0.0,0.0,0.0,0.0,0.0,0.0,0.0,0.0,0.0,0.0,0.0,0.0,0.0,0.0,0.0,0.0,0.0,0.0,0.0,0.0,0.0,0.0,0.0,0.0,0.0,0.0,0.0,0.0,0.0,,,,,,,,,,,,,50.9759292603,48.4096946716,54.5570793152,51.0727767944,51.2056007385,52.8695259094,54.1688690186,53.93516922,52.5987319946,23.4549350739,0.0,0.0,3300.0,4.0,4.0
2242,1318.31213379,871.900939941,1128.7857666,1160.09301758,1763.82568359,2764.42260742,2802.57885742,2910.15722656,2171.86694336,1285.9708252,1138.13378906,1521.56994629,40.6926116943,27.7079429626,88.5623474121,186.422790527,562.33001709,1240.62097168,1210.21789551,1327.65234375,820.608886719,288.066375732,54.3898353577,29.7387123108,55.5041503906,45.5639801025,58.2892951965,55.6985969543,59.7869110107,68.854675293,64.876914978,61.8659591675,57.4886627197,50.9190139771,53.0642089844,61.8703460693,6.51113605499,4.63503313065,5.44193792343,5.6935210228,7.78261709213,6.97494697571,7.10356903076,6.27811717987,5.10263490677,5.99552631378,5.66999292374,6.66044712067,126.014045715,74.8442382812,70.265625,78.0513839722,205.79234314,428.720092773,437.366638184,470.095306396,335.813842773,118.281517029,97.5451507568,174.336853027,25.6090717316,16.8995475769,23.3759689331,16.5584430695,19.6548728943,24.6726112366,19.8811435699,19.9336051941,17.827287674,13.8194875717,23.0442485809,30.8052921295,117.31640625,80.6011352539,89.759765625,92.4361953735,96.1019515991,102.475135803,107.564849854,93.3067474365,63.8372116089,66.5952606201,80.2725601196,104.380340576,50.9759292603,48.4096946716,54.5570793152,51.0727767944,51.2056007385,52.8695259094,54.1688690186,53.93516922,52.5987319946,23.4549350739,0.0,0.0,3500.0,4.0,2.0
2470,423.367523193,347.877044678,329.892974854,319.045318604,425.697631836,775.455200195,690.19128418,876.720458984,660.190002441,476.443359375,467.7734375,485.974853516,0.01640499942,0.0163540001959,0.0128180002794,0.0,61.4230766296,266.210693359,269.035766602,342.723815918,200.276092529,88.2752380371,19.6470355988,3.51213216782,38.7429847717,37.7437400818,43.6224441528,45.1294746399,49.8737182617,53.5342254639,53.736492157,55.3870201111,52.2227935791,50.289264679,40.7620048523,37.9647254944,8.40750312805,4.87882995605,4.16545915604,0.255493015051,1.85592401028,2.75258898735,0.861220002174,1.46917402744,2.75774002075,2.53893303871,2.81411194801,4.42494726181,68.9044342041,44.3236236572,34.8590774536,20.6573467255,29.4253349304,90.947807312,91.9209747314,111.960044861,71.7401046753,40.4012985229,42.2231559753,76.7087249756,0.0128350006416,0.0184450000525,0.0176630001515,0.018819000572,0.0121889999136,0.0155720002949,0.0175950005651,0.0221510007977,0.0121039999649,0.0228819996119,0.0199069995433,0.0166260004044,53.6152458191,44.4609336853,28.0213890076,0.177752003074,0.165359005332,0.104685999453,0.0801720023155,0.106164999306,0.154513001442,0.154751002789,0.213656008244,0.256190001965,54.4539604187,54.2918128967,53.8013458252,45.0641975403,60.610168457,66.6440124512,55.881362915,59.3368186951,48.2343559265,59.2536697388,52.26014328,65.1731872559,1550.0,3.0,
2814,682.811157227,636.390319824,851.087219238,899.704101562,1337.49414062,1933.54248047,1828.03637695,1906.61437988,1476.73779297,980.306762695,844.051696777,957.903381348,0.313428997993,0.187459006906,5.05629301071,31.0749130249,280.611938477,779.891052246,860.258850098,1093.28112793,765.385437012,225.71786499,10.5314493179,3.46663999557,45.0502891541,39.0084571838,48.9465370178,48.5462875366,52.4236831665,55.1562614441,55.2050361633,57.6921882629,55.7981491089,56.7450332642,49.6276245117,45.4544143677,4.51015090942,4.63175201416,6.41379404068,4.45804595947,4.95680904388,4.25865316391,4.52454996109,3.9060561657,3.73306417465,4.2421631813,4.60681295395,4.31298494339,54.3378143311,25.6934947968,21.2663536072,19.6369037628,71.9215087891,167.781738281,179.914260864,207.719177246,154.825790405,94.7071380615,72.9960632324,64.9277801514,13.4602432251,10.4031505585,18.6556816101,11.8376102448,11.8645210266,11.6768074036,9.64705848694,9.59998512268,11.0182781219,13.7561626434,14.5134439468,14.5307331085,111.565803528,105.407325745,130.795059204,89.1694717407,96.6159820557,76.5362625122,89.3150405884,77.5775985718,72.0115280151,76.25340271,81.3926544189,85.5817718506,54.4539604187,54.2918128967,53.8013458252,45.0641975403,60.610168457,66.6440124512,55.881362915,59.3368186951,48.2343559265,59.2536697388,52.26014328,65.1731872559,1860.0,7.0,2.0
2829,580.558166504,539.25378418,553.614501953,583.910644531,793.628173828,845.642944336,1054.70166016,1074.71374512,699.540100098,485.463287354,383.936645508,403.776580811,0.375138998032,4.00603294373,16.2033462524,34.5143852234,208.404052734,464.489501953,556.631469727,645.952026367,334.938568115,66.9558258057,4.7199139595,0.000679999997374,71.436958313,69.7590560913,78.041885376,78.4300460815,84.4472427368,86.5137863159,91.4363555908,87.4721908569,82.2385864258,79.1691741943,65.5933074951,55.6785202026,,,,,,,,,,,,,77.022567749,52.3434944153,53.9823951721,49.4020347595,52.5004043579,52.5939559937,73.098739624,79.2204589844,54.0663070679,37.9092025757,53.0650749207,71.0281295776,15.5853796005,14.1449518204,13.922252655,13.6916646957,7.63102817535,5.38114595413,9.45177936554,5.99362230301,3.89728403091,5.91622114182,3.32912707329,4.70031309128,,,,,,,,,,,,,5.43304729462,3.99129414558,4.07578420639,4.85734224319,8.41952228546,1.31722807884,3.90131306648,6.16695404053,3.79882001877,3.58611607552,4.79457807541,3.08507514,,,2.0
2925,440.091583252,420.640594482,431.874664307,613.906005859,1136.62792969,1718.15649414,1818.07580566,1787.03076172,1537.72827148,1081.0168457,646.070739746,676.430236816,0.375138998032,4.00603294373,16.2033462524,34.5143852234,208.404052734,464.489501953,556.631469727,645.952026367,334.938568115,66.9558258057,4.7199139595,0.000679999997374,,,,,,,,,,,,,,,,,,,,,,,,,,,,,,,,,,,,,,,,,,,,,,,,,,,,,,,,,,,,,5.43304729462,3.99129414558,4.07578420639,4.85734224319,8.41952228546,1.31722807884,3.90131306648,6.16695404053,3.79882001877,3.58611607552,4.79457807541,3.08507514,2330.0,3.0,4.0
2986,195.346389771,152.451126099,236.624206543,223.211517334,406.962188721,700.921142578,746.135681152,1271.47058105,718.620483398,471.894714355,307.255645752,321.393066406,0.375138998032,4.00603294373,16.2033462524,34.5143852234,208.404052734,464.489501953,556.631469727,645.952026367,334.938568115,66.9558258057,4.7199139595,0.000679999997374,,,,,,,,,,,,,,,,,,,,,,,,,,,,,,,,,,,,,,,,,,,,,,,,,,,,,,,,,,,,,5.43304729462,3.99129414558,4.07578420639,4.85734224319,8.41952228546,1.31722807884,3.90131306648,6.16695404053,3.79882001877,3.58611607552,4.79457807541,3.08507514,2310.0,6.0,2.0
3224,345.363342285,345.205810547,342.858825684,303.365875244,375.72668457,776.547363281,881.572692871,950.912109375,845.806152344,480.679351807,404.729888916,584.21697998,0.375138998032,4.00603294373,16.2033462524,34.5143852234,208.404052734,464.489501953,556.631469727,645.952026367,334.938568115,66.9558258057,4.7199139595,0.000679999997374,,,,,,,,,,,,,,,,,,,,,,,,,,,,,,,,,,,,,,,,,,,,,,,,,,,,,,,,,,,,,5.43304729462,3.99129414558,4.07578420639,4.85734224319,8.41952228546,1.31722807884,3.90131306648,6.16695404053,3.79882001877,3.58611607552,4.79457807541,3.08507514,2000.0,10.0,
3367,770.068054199,693.282714844,785.774963379,759.827026367,1123.08361816,1898.84667969,2019.37304688,2290.46801758,1860.79187012,1220.07983398,886.662719727,1050.3671875,0.743885993958,0.52530002594,20.5377521515,64.2750091553,290.18081665,824.413208008,893.96081543,1040.20678711,727.1328125,280.976196289,30.8767261505,3.31154894829,52.5956039429,52.9827461243,54.2080535889,59.1400413513,67.1287536621,68.9264144897,69.7964401245,72.4092025757,69.3744354248,67.835609436,60.0050697327,57.4065513611,5.23611927032,5.71422719955,4.49624490738,6.82849216461,5.7605009079,7.04940700531,8.24855327606,4.9961810112,6.9212269783,6.29467487335,7.31346797943,8.44310092926,99.3374252319,49.6464271545,44.8812599182,42.1957511902,114.935317993,277.721069336,302.366943359,339.091308594,258.931549072,118.329605103,80.3768997192,116.361686707,0.0904230028391,0.0493509992957,0.064906001091,0.0862409994006,0.244341000915,0.122077003121,0.117810003459,0.167687997222,0.147458001971,0.110517002642,0.0474300011992,0.0949280038476,0.0,0.0,0.0,0.0,0.0,0.0,0.0,0.0,0.0,0.0,0.0,0.0,164.965438843,135.115203857,178.120300293,160.399917603,182.655441284,181.267501831,201.549133301,248.66607666,223.576797485,231.704406738,190.522872925,241.95892334,2800.0,4.0,4.0
3456,380.942596436,299.296264648,287.500610352,313.991699219,483.534393311,840.551269531,796.180053711,841.173400879,762.051452637,410.527709961,350.391906738,350.026000977,0.0,0.0,0.0,18.0868778229,171.610168457,452.101501465,415.230529785,480.78604126,374.652404785,91.4750671387,4.02039813995,0.0,75.1071777344,66.867225647,72.8431625366,73.8374252319,76.1009597778,80.5788955688,85.5635528564,82.1081619263,90.8470687866,78.4017715454,65.9996643066,74.837059021,2.21742892265,2.02517604828,2.18837594986,2.14866399765,1.45933103561,2.13339805603,1.56719601154,1.52153408527,1.69923508167,1.69937098026,2.12103915215,1.32013499737,59.2673912048,30.8836803436,25.1375598907,20.0080986023,59.5577507019,126.588699341,117.571662903,130.601699829,107.799041748,33.0268707275,36.1007232666,68.459274292,0.765340030193,0.748714029789,1.68658697605,0.0,0.835022985935,2.60183310509,5.24761104584,0.845869004726,2.0580201149,2.37814712524,4.03647994995,5.44511699677,9.92118358612,5.33125114441,2.79002308846,1.97368299961,1.96028697491,0.830484032631,0.820828020573,0.10897000134,4.81740903854,15.7964849472,26.5524539948,7.38085603714,106.469825745,87.3835220337,80.9896011353,81.2835617065,71.271446228,76.5543670654,64.556602478,67.1676635742,78.7634506226,87.2367553711,123.476318359,89.6069641113,1720.0,10.0,2.0
3482,388.215148926,297.125457764,324.467254639,348.164428711,538.732788086,723.098388672,742.612243652,773.599365234,679.060119629,421.194580078,286.906066895,336.082672119,0.0,0.0,0.0,0.0,0.0,0.0,0.0,0.0,0.0,47.1455574036,1.69277501106,0.901476025581,0.0,0.0,0.0,0.0,0.0,0.0,0.0,0.0,0.0,3.27914714813,39.5672798157,37.9289207458,0.0,0.0,0.0,0.0,0.0,0.0,0.0,0.0,0.0,0.0,1.11302399635,0.877642035484,0.0,0.0,0.0,0.0,0.0,0.0,0.0,0.0,0.0,3.14620709419,11.7052316666,25.0122032166,0.0,0.0,0.0,0.0,0.0,0.0,0.0,0.0,0.0,0.0,0.0,0.0,0.0,0.0,0.0,0.0,0.0,0.0,0.0,0.0,0.0,12.1057004929,13.8947973251,14.4864654541,106.469825745,87.3835220337,80.9896011353,81.2835617065,71.271446228,76.5543670654,64.556602478,67.1676635742,78.7634506226,87.2367553711,123.476318359,89.6069641113,1840.0,9.0,1.0
3723,541.252685547,484.536315918,515.109069824,482.072479248,725.89630127,1358.32299805,1033.51123047,1508.69567871,1365.37414551,1028.60083008,768.252075195,903.04309082,0.525776028633,0.897787034512,26.7950935364,48.2178153992,184.446746826,496.093383789,389.763824463,682.442382812,544.19140625,254.136886597,54.9558677673,10.827249527,86.5123214722,78.1401596069,86.3941040039,83.7216033936,77.1509475708,54.3731079102,52.8921356201,64.0538253784,71.1261978149,68.7832565308,56.7885856628,49.2671585083,3.79439997673,3.42720007896,3.78921508789,3.67200016975,3.86816310883,3.5130841732,2.67496705055,4.57123184204,5.58273220062,5.50074100494,5.22614002228,5.82914733887,135.0806427,122.008323669,134.896057129,130.723205566,128.898147583,172.334945679,138.718399048,229.001098633,209.449386597,156.872787476,115.695487976,115.643722534,47.0505599976,42.4972801208,46.9862670898,45.5328025818,35.8101425171,4.23339128494,6.73036813736,13.3309755325,15.1726875305,13.8274431229,11.5007381439,15.2967195511,50.2270431519,52.786529541,54.1452560425,41.9189910889,49.9980049133,43.7934112549,32.8278160095,59.9032249451,68.1835021973,85.5590667725,80.2075653076,88.9342269897,97.1366424561,87.7363204956,97.00390625,94.0032043457,86.1612854004,54.3434257507,57.4041404724,68.3640213013,78.0124588013,78.2626647949,75.0656433105,79.0759277344,1551.0,3.0,2.0
3778,0.0,0.0,0.0,0.0,0.0,0.0,0.0,0.0,0.0,0.0,334.357574463,678.758422852,0.0,0.0,0.0,0.0,0.0,0.0,0.0,0.0,0.0,0.0,7.4775519371,1.06760001183,,,,,,,,,,,,,4.25416517258,3.24810504913,4.40798091888,4.59826231003,5.622631073,3.90054798126,4.39953184128,5.1575961113,4.48667430878,3.44617199898,4.42783689499,3.4852039814,0.0,0.0,0.0,0.0,0.0,0.0,0.0,0.0,0.0,0.0,9.56952095032,16.4704494476,,,,,,,,,,,,,,,,,,,,,,,,,97.1366424561,87.7363204956,97.00390625,94.0032043457,86.1612854004,54.3434257507,57.4041404724,68.3640213013,78.0124588013,78.2626647949,75.0656433105,79.0759277344,1262.0,5.0,2.0
3967,667.385192871,579.556396484,697.439453125,597.388305664,878.848815918,2171.58422852,1689.98498535,1629.62841797,1420.88513184,648.732543945,622.540161133,854.364624023,0.204594999552,0.18074400723,20.0213088989,51.0409698486,314.295501709,1085.20532227,770.102844238,760.184387207,554.079223633,130.714981079,25.5754966736,3.1437420845,36.502281189,35.3185882568,40.6135101318,38.5231895447,45.0362663269,55.8789672852,53.0668792725,48.7459373474,49.7481193542,45.2906341553,37.565612793,43.1078681946,4.15243721008,4.9389591217,5.38515806198,6.56987094879,6.08873701096,5.21660327911,7.74004936218,3.69007110596,4.62791013718,3.97278118134,5.2129650116,7.30945634842,66.5048522949,36.5380821228,41.9155082703,38.8193817139,117.166519165,354.277893066,290.42755127,284.594970703,225.781204224,56.9822845459,46.7045783997,76.1529464722,0.0896410048008,0.0706520006061,0.0972570031881,0.0727429986,0.048807002604,0.0697680041194,0.0628660023212,0.0618460029364,0.0739670023322,0.0504560023546,0.0683059990406,0.119934998453,0.130457997322,0.11913600564,0.104941003025,0.0657899975777,0.126446008682,0.0558280013502,0.13134200871,0.0963560044765,0.130866006017,0.0706859976053,0.121737003326,0.242777004838,97.1366424561,87.7363204956,97.00390625,94.0032043457,86.1612854004,54.3434257507,57.4041404724,68.3640213013,78.0124588013,78.2626647949,75.0656433105,79.0759277344,2500.0,10.0,2.0
4031,0.0,0.0,0.0,0.0,0.0,0.0,0.0,0.0,0.0,0.0,0.0,0.0,0.204594999552,0.18074400723,20.0213088989,51.0409698486,314.295501709,1085.20532227,770.102844238,760.184387207,554.079223633,130.714981079,25.5754966736,3.1437420845,56.4209594727,53.8090629578,63.1804656982,58.4006958008,75.3756866455,73.5801010132,73.8614959717,64.1468353271,71.592338562,66.9668426514,52.9204406738,44.715423584,6.79826593399,5.18887615204,4.4884762764,4.63428497314,4.3139538765,3.42679214478,3.57736110687,2.02133393288,3.12470197678,3.02977395058,3.89473414421,4.20391321182,58.2440910339,27.8748664856,26.2930850983,21.7374916077,68.3783035278,147.017868042,155.124816895,166.70892334,130.535140991,45.1090774536,42.8143310547,77.7333679199,26.2379016876,23.7615795135,26.2550392151,25.6058769226,26.3640766144,24.9890480042,26.1225566864,26.0146579742,26.3869419098,31.7562732697,30.5304870605,31.7872467041,0.0,0.0,0.0,0.0,0.0,0.0,0.0,0.0,0.0,0.0,0.0,0.0,62.2275161743,46.4853286743,46.9640312195,46.7107467651,66.0820922852,55.8472633362,49.7215995789,48.8951454163,52.3098831177,46.2988891602,61.1917037964,61.6302032471,2050.0,10.0,3.0
4505,0.0,0.0,0.0,0.0,0.0,0.0,0.0,0.0,598.586181641,1093.03356934,762.632141113,570.605957031,0.0,0.0,0.0,0.0,0.0,0.0,0.0,0.0,179.242614746,225.636642456,37.7707862854,4.96279287338,,,,,,,,,,,,,,,,,,,,,,,,,,,,,,,,,,,,,,,,,,,,,,,,,0.0,0.0,0.0,0.0,0.0,0.0,0.0,0.0,17.488615036,29.9335842133,36.5844268799,27.887752533,62.2275161743,46.4853286743,46.9640312195,46.7107467651,66.0820922852,55.8472633362,49.7215995789,48.8951454163,52.3098831177,46.2988891602,61.1917037964,61.6302032471,1580.0,3.0,2.0
4732,343.02142334,297.415893555,344.474975586,246.764038086,351.674713135,745.25982666,673.330932617,874.968383789,671.944519043,419.913604736,291.626098633,303.728881836,0.0,0.0,0.0,0.0,0.0,0.0,0.0,0.0,0.0,0.0,0.0,0.0,,,,,,,,,,,,,,,,,,,,,,,,,,,,,,,,,,,,,,,,,,,,,,,,,0.0,0.0,0.0,0.0,0.0,0.0,0.0,0.0,0.0,0.0,0.0,0.0,62.2275161743,46.4853286743,46.9640312195,46.7107467651,66.0820922852,55.8472633362,49.7215995789,48.8951454163,52.3098831177,46.2988891602,61.1917037964,61.6302032471,1500.0,6.0,2.0
4767,637.459228516,575.769592285,636.588134766,618.306884766,1039.36328125,1386.21948242,1721.92260742,1880.08215332,1529.5246582,1410.66491699,899.98840332,1106.44921875,6.8299202919,6.16896009445,6.8205871582,73.0716247559,307.931762695,579.574157715,753.325073242,835.039855957,591.663696289,252.512649536,36.5143699646,2.89644312859,42.3149032593,36.0047950745,40.0927658081,39.9069747925,50.8146324158,50.4640426636,53.8770980835,53.3067970276,48.4438285828,48.4370651245,45.8237037659,43.8791770935,0.000153000000864,0.000102000005427,0.000799000030383,0.000306000001729,0.000561000022572,0.000254999991739,0.000153000000864,0.0,0.0,0.0,0.000509999983478,0.0,77.1164703369,32.2019462585,24.4920883179,36.1650352478,118.569801331,219.217453003,281.561859131,304.678344727,232.934402466,562.682067871,168.43157959,236.522140503,9.56025600433,5.35092020035,7.3606262207,5.70015096664,9.05256843567,5.4172372818,9.31079769135,10.104765892,7.27849912643,6.10762405396,11.4221811295,11.4632024765,32.556224823,16.1935195923,14.5993108749,9.32087898254,14.7910203934,3.98192715645,13.0335435867,8.43934440613,13.3096570969,17.7063846588,39.5350990295,56.2392311096,62.2275161743,46.4853286743,46.9640312195,46.7107467651,66.0820922852,55.8472633362,49.7215995789,48.8951454163,52.3098831177,46.2988891602,61.1917037964,61.6302032471,2500.0,10.0,2.0
4957,0.0,0.0,0.0,0.0,0.0,0.0,0.0,0.0,0.0,1644.28356934,1537.15087891,1729.86889648,0.0,0.0,0.0,0.0,0.0191420018673,0.0,0.0,0.0,0.0,302.064758301,73.7734375,30.8947811127,52.5595474243,45.7989196777,52.4151153564,55.178855896,62.927318573,57.2918891907,58.9640426636,57.4486122131,65.5281143188,56.3255386353,53.09324646,51.9889068604,4.33637714386,4.31070709229,4.15187597275,4.44046831131,4.96889591217,4.04132509232,4.53041505814,3.50546813011,3.95438718796,5.07591104507,3.30612611771,3.11853098869,75.6939086914,46.0804710388,42.988735199,46.3779220581,72.6234207153,120.970031738,114.299041748,114.297714233,96.0330352783,41.2194595337,55.5923309326,95.9500274658,15.565659523,13.3996038437,11.5371694565,12.611246109,11.7694234848,10.444272995,12.9914512634,10.7390193939,11.4966068268,14.4144868851,13.5279541016,13.4261407852,0.0,0.0,0.0,0.0,0.00297500006855,0.0,0.0,0.0,0.0,87.517906189,80.1045150757,96.1699523926,0.0,0.0,0.0,0.0,0.0,0.0,0.0,0.0,0.0,61.5133094788,0.0,75.0924835205,3300.0,13.0,5.0
5218,412.386566162,354.200164795,383.228210449,398.062225342,508.11239624,615.142028809,622.690490723,488.166503906,662.29296875,467.44543457,453.957733154,711.39465332,31.5864601135,28.595785141,29.7897644043,36.5497627258,68.5341720581,145.91015625,177.143936157,280.182006836,326.88092041,166.789672852,131.762542725,259.853515625,0.0531590022147,0.0412250012159,0.0332350023091,0.030022000894,0.0992119982839,0.0841160044074,0.254354000092,10.0356273651,37.1257896423,41.5657653809,33.6976737976,31.5926475525,,,,,,,,,,,,,28.9206886292,16.9861450195,11.9674224854,12.7619514465,17.1630134583,22.5173511505,24.335193634,19.2061080933,25.7403812408,13.408290863,14.4308748245,17.5485229492,,,,,,,,,,,,,0.653905034065,0.427550017834,0.482715010643,0.55963999033,1.61049497128,2.19735193253,144.203826904,0.0,0.0,0.0,0.0,0.0,0.0,0.0,0.0,0.0,0.0,0.0,0.426955014467,40.7100028992,66.5543060303,120.421150208,69.5340652466,204.340713501,2050.0,10.0,
5357,2794.09448242,2198.62084961,2247.74462891,2197.65722656,2313.22827148,2589.27978516,2817.80200195,2871.38354492,2607.29711914,2232.63305664,2173.43920898,2903.37695312,657.161682129,376.410186768,385.25112915,295.338775635,671.812927246,1293.00830078,1381.52111816,1527.75683594,1223.98364258,532.721130371,349.17855835,864.224365234,45.2351150513,44.8200073242,46.9988479614,47.5679397583,52.6571426392,53.2507171631,60.5699806213,56.7174758911,58.4473762512,53.3377037048,50.3603935242,47.1229286194,6.26966810226,6.75738096237,5.86381006241,7.05469417572,8.3325843811,8.06930541992,7.08435916901,6.81774806976,6.53610897064,7.06674718857,6.0899271965,6.13361692429,,,,,,,,,,,,,17.4117736816,18.3473186493,19.5210494995,18.1939945221,16.4975147247,14.1374044418,18.8186950684,16.9737701416,18.4353618622,12.1717453003,19.7847709656,23.4332427979,,,,,,,,,,,,,0.0,0.0,0.0,0.0,0.0,0.0,0.426955014467,40.7100028992,66.5543060303,120.421150208,69.5340652466,204.340713501,3200.0,7.0,5.0
5371,539.033752441,419.138549805,529.74230957,699.692932129,932.878967285,1348.53918457,1164.40771484,1534.87902832,1137.72558594,614.199462891,456.941375732,612.028259277,11.5889854431,4.00397586823,46.2614898682,145.89956665,347.617156982,694.897277832,604.703979492,822.16986084,533.547668457,143.417282104,24.2536449432,1.59310400486,175.031463623,158.016693115,174.532287598,176.310058594,190.090759277,184.801620483,171.811340332,188.821243286,174.973434448,175.492858887,157.175964355,158.561752319,0.0,0.0,0.0,0.0,0.0,0.0,0.0,0.0,0.0,0.0,0.0,0.0,30.5334968567,11.8642835617,24.019317627,50.9906349182,109.404899597,197.359176636,171.328979492,227.331619263,158.062316895,48.8883781433,24.5173664093,34.598739624,,,,,,,,,,,,,,,,,,,,,,,,,0.0,0.0,0.0,0.0,0.0,0.00113900005817,0.00142800004687,0.0,0.00210799998604,0.0,0.0,0.0,980.0,6.0,2.0
5439,540.360290527,366.259765625,432.261108398,425.000610352,547.140686035,974.286987305,974.088317871,1085.59350586,735.006835938,406.403839111,374.452423096,368.054290771,11.5889854431,4.00397586823,46.2614898682,145.89956665,347.617156982,694.897277832,604.703979492,822.16986084,533.547668457,143.417282104,24.2536449432,1.59310400486,,,,,,,,,,,,,,,,,,,,,,,,,,,,,,,,,,,,,,,,,,,,,,,,,,,,,,,,,,,,,0.0,0.0,0.0,0.0,0.0,0.00113900005817,0.00142800004687,0.0,0.00210799998604,0.0,0.0,0.0,1700.0,8.0,1.0
5746,659.141662598,525.083557129,576.672058105,689.408081055,1031.52148438,1502.43164062,1614.98986816,1843.32800293,1393.97460938,902.973937988,650.479858398,787.142883301,11.0740385056,2.35307192802,28.4615192413,119.13143158,345.579620361,672.633422852,704.013244629,820.099365234,523.983276367,169.247528076,23.6608562469,3.09496903419,0.0,0.0,0.0,0.0,0.0,0.0,0.0,0.0,0.0,0.0,0.0,0.0,0.0,0.0,0.0,0.0,0.0,0.0,0.0,0.0,0.0,0.0,0.0,0.0,65.7145690918,40.6826667786,46.422580719,57.09608078,91.1411361694,140.520492554,155.2527771,189.917770386,135.266448975,69.6832733154,53.9579658508,81.9549102783,0.0,0.0,0.0,0.0,0.0,0.0,0.0,0.0,0.0,0.0,0.0,0.0,0.300678998232,0.0456110015512,0.0515439994633,0.13091699779,0.348482996225,0.425952017307,0.653802990913,1.47340703011,1.17946004868,0.445077002048,0.0769420042634,0.187884002924,0.0,0.0,0.0,0.0,0.0,0.0,0.0,0.0,0.0,0.0,0.0,0.0,1768.0,9.0,4.0
5785,729.420532227,659.823486328,723.114624023,841.320861816,968.274169922,1387.66882324,1415.7364502,1504.38574219,1298.97766113,630.302978516,464.120025635,650.923828125,0.0674559995532,0.100385002792,4.83862495422,60.2408447266,231.598861694,645.109008789,677.549316406,796.569946289,580.78692627,158.272155762,6.64876794815,0.0738140046597,,,,,,,,,,,,,,,,,,,,,,,,,,,,,,,,,,,,,,,,,,,,,,,,,23.9470844269,36.9592933655,33.9835090637,44.2663536072,28.3887767792,35.1723556519,23.0504016876,28.9403247833,26.0695171356,30.4391975403,38.6856765747,26.0937767029,0.0,0.0,0.0,0.0,0.0,0.0,0.0,0.0,0.0,0.0,0.0,0.0,1900.0,11.0,2.0
5814,260.872894287,227.45753479,242.834564209,301.624206543,478.463195801,828.075439453,893.606872559,861.479858398,708.491577148,376.147247314,244.769897461,313.819122314,0.0109310001135,0.350710004568,15.5904960632,53.2212715149,199.986572266,490.392944336,524.546081543,519.302124023,369.842895508,100.375022888,4.71770429611,0.0124099999666,,,,,,,,,,,,,,,,,,,,,,,,,30.7331619263,12.4803123474,14.6609869003,20.0029659271,56.3681755066,121.630187988,128.617126465,129.547790527,96.5736694336,30.1206512451,22.9457836151,43.7770080566,,,,,,,,,,,,,28.3433189392,28.6287822723,15.9437389374,30.509305954,17.1064548492,24.5646095276,23.3393516541,27.1921806335,37.9241790771,35.141330719,32.8888626099,39.2723312378,42.6346740723,43.4625587463,38.7365913391,40.7992362976,40.7790908813,31.2785396576,34.9829750061,28.0884208679,32.1334342957,35.0019454956,30.3365859985,36.001953125,1060.0,6.0,2.0
5817,864.029174805,647.069152832,717.279724121,809.737487793,1076.29431152,1539.1315918,1510.59094238,1709.05908203,1519.19726562,1115.41101074,831.672668457,917.783752441,0.0109310001135,0.350710004568,15.5904960632,53.2212715149,199.986572266,490.392944336,524.546081543,519.302124023,369.842895508,100.375022888,4.71770429611,0.0124099999666,,,,,,,,,,,,,,,,,,,,,,,,,,,,,,,,,,,,,,,,,,,,,,,,,,,,,,,,,,,,,42.6346740723,43.4625587463,38.7365913391,40.7992362976,40.7790908813,31.2785396576,34.9829750061,28.0884208679,32.1334342957,35.0019454956,30.3365859985,36.001953125,1908.0,10.0,4.0
6072,707.649108887,624.05279541,598.770812988,746.382141113,905.068847656,1149.93457031,1371.30541992,1607.0534668,1208.9855957,556.261413574,657.437927246,879.242919922,0.0148750003427,0.014348000288,6.38088226318,42.2804794312,188.112564087,426.044128418,445.320861816,545.423461914,335.307250977,60.7932929993,1.06533896923,0.00627300003543,99.9837341309,87.1964035034,97.2702255249,93.3513183594,119.652191162,131.622848511,140.150939941,134.748809814,116.51385498,106.057952881,97.7337799072,93.1855010986,,,,,,,,,,,,,37.8473052979,10.3878335953,11.7276201248,16.5287437439,49.0016174316,116.009567261,121.024330139,143.762420654,95.5420913696,22.0827960968,39.1613044739,80.9181289673,1.80444800854,0.00634100008756,0.00527000008151,0.010098000057,0.0085680000484,0.0049809999764,0.0084150005132,0.0114580001682,0.133432999253,0.00183600001037,0.0165580008179,0.0790840014815,29.7978382111,38.8666763306,45.3182258606,30.7290649414,40.2616119385,26.0718288422,40.6284370422,51.8243980408,35.6865692139,44.636341095,59.7261352539,70.0757217407,173.688537598,147.172958374,129.309539795,165.354095459,147.759262085,108.706329346,101.939926147,117.233940125,118.073944092,104.836723328,170.78817749,204.534286499,1700.0,8.0,2.0
6121,0.0,0.0,0.0,0.0,0.0,0.0,0.0,0.0,0.0,0.0,0.0,0.0,0.0,0.0,0.0,0.0,0.0118660004809,0.0,0.0,0.0,0.0,0.0,0.0,0.0,36.8525657654,34.2373733521,37.9976348877,41.140663147,46.1335296631,48.5713806152,52.2669410706,52.0682640076,49.3118515015,49.6394386292,40.232131958,33.8730773926,,,,,,,,,,,,,0.0,0.0,0.0,0.0,0.0,0.0,0.0,0.0,0.0,0.0,0.0,0.0,25.3704605103,19.8411083221,14.9354009628,21.9090900421,18.738368988,10.2968149185,20.8709182739,17.9191741943,11.6028909683,12.0336370468,8.31879711151,10.0218229294,0.0,0.0,0.0,0.0,0.000884000037331,0.0,0.0,0.0,0.0,0.0,0.0,0.0,11.4554157257,7.80867815018,7.56204223633,11.3005466461,9.08656787872,5.33847618103,10.5447092056,8.39084339142,9.65122318268,12.7073640823,11.2932014465,9.98015594482,2200.0,3.0,4.0
6139,0.0,0.0,0.0,0.0,0.0,0.0,0.0,0.0,685.127197266,945.582580566,773.646484375,881.265869141,0.0,0.0,0.0,0.0,0.0,0.0,0.0,0.0,180.15687561,81.7580032349,22.8682308197,40.6463050842,49.6332702637,45.6981773376,45.3094024658,57.7691955566,56.4639549255,68.8641967773,60.6333045959,68.2263717651,23.2221355438,0.0,0.0,0.0,0.0,0.0,0.0,0.0,0.0,0.0,0.0,0.0,4.00581216812,7.77729606628,6.8347992897,7.26352214813,0.0,0.0,0.0,0.0,0.0,0.0,0.0,0.0,43.4836883545,26.8263568878,37.7121734619,87.1780929565,27.5754108429,25.1205425262,18.2721614838,23.7142868042,22.5771903992,25.0720939636,20.2861862183,30.1718215942,32.3336601257,26.5198478699,31.0146312714,32.4658508301,0.0,0.0,0.0,0.0,0.0,0.0,0.0,0.0,37.6251831055,91.8505783081,67.4269485474,76.3349990845,39.151763916,28.5194377899,35.2518119812,35.5136451721,33.3609886169,40.0083122253,48.7184486389,34.2968215942,35.0175704956,38.0296096802,42.1814041138,40.0971679688,2800.0,9.0,5.0
6266,732.89654541,662.02545166,774.557800293,752.867797852,1097.31384277,1735.11877441,1901.58520508,1997.75305176,1589.1394043,1073.95861816,682.608703613,654.967590332,0.0,0.0,0.0,0.0,0.0,0.0,0.0,0.0,180.15687561,81.7580032349,22.8682308197,40.6463050842,,,,,,,,,,,,,,,,,,,,,,,,,,,,,,,,,,,,,,,,,,,,,,,,,,,,,,,,,,,,,39.151763916,28.5194377899,35.2518119812,35.5136451721,33.3609886169,40.0083122253,48.7184486389,34.2968215942,35.0175704956,38.0296096802,42.1814041138,40.0971679688,2300.0,4.0,2.0
6636,389.175964355,227.640640259,256.814208984,229.909545898,523.722473145,1227.13049316,1033.13989258,1279.57116699,725.894958496,410.015472412,284.073059082,328.770477295,0.289544016123,0.112642005086,18.1616954803,10.4153900146,233.812835693,808.978149414,704.195495605,932.375671387,457.561462402,138.049041748,3.3750269413,14.2943487167,69.3194885254,58.99659729,69.7000045776,70.1351470947,74.5577011108,73.803527832,76.1165161133,80.3615341187,77.2956695557,78.9336547852,70.0984115601,72.6059799194,,,,,,,,,,,,,,,,,,,,,,,,,3.88898801804,3.10234713554,1.89561903477,2.8445930481,1.57406401634,3.1045229435,1.52809607983,3.05399894714,0.777835011482,1.55366396904,1.56141602993,3.16069102287,58.7497749329,23.9769535065,25.9942760468,11.448548317,21.1059932709,22.2859287262,21.2393932343,15.4481554031,11.9807157516,21.4959049225,25.266658783,27.7207279205,71.7763977051,48.8694419861,54.7635307312,49.1056404114,45.823841095,49.7121658325,46.9477615356,49.1838226318,48.5681495667,43.7817306519,0.0,38.9797935486,2000.0,7.0,1.0
6836,386.964813232,377.265869141,336.923065186,212.989944458,350.792816162,672.213012695,626.46484375,762.271484375,577.330200195,446.752532959,327.526702881,388.066314697,5.34412002563,0.36507499218,0.616079986095,3.49091601372,41.4679641724,236.286148071,243.065856934,310.910095215,191.51600647,51.4101448059,4.91857624054,0.33607301116,0.0,0.0,0.0,0.0,0.0,0.00256699998863,0.0,0.0,0.0,0.0,0.0,0.0,0.0,0.0,0.0,0.0,0.0,0.000679999997374,0.0,0.0,0.0,0.0,0.0,0.0,0.0,0.0,0.0,0.0,0.0,0.0,0.0,0.0,0.0,0.0,0.0,0.0,0.0,0.0,0.0,0.0,0.0,0.000289000017801,0.0,0.0,0.0,0.0,0.0,0.0,35.9501571655,27.1289234161,30.5128078461,18.592338562,26.1800346375,27.3417301178,26.92694664,24.1762619019,28.3223400116,33.9692459106,35.5009651184,40.1387519836,71.7763977051,48.8694419861,54.7635307312,49.1056404114,45.823841095,49.7121658325,46.9477615356,49.1838226318,48.5681495667,43.7817306519,0.0,38.9797935486,1215.0,5.0,1.0
6910,595.75604248,547.772033691,545.190429688,560.935913086,889.392028809,1117.13879395,1369.55004883,1607.19885254,1313.20727539,773.860046387,609.218261719,663.1015625,1.71696603298,2.45850610733,33.8579673767,58.2062339783,246.079544067,546.732971191,670.763366699,819.16796875,610.384887695,186.180801392,16.3100547791,1.49678206444,64.1000289917,56.4434013367,63.1938285828,58.5392799377,65.8428573608,63.1380195618,74.0795898438,76.606010437,72.9016265869,73.5216522217,63.5870742798,62.2948684692,,,,,,,,,,,,,0.0,0.0,0.0,0.0,0.0,0.0,0.0,0.0,0.0,0.0,0.0,0.0,11.1130189896,10.0447387695,10.8832979202,8.040184021,13.3127851486,7.69440412521,8.36066818237,9.02530002594,9.04592132568,8.96758556366,8.46227741241,8.49073505402,,,,,,,,,,,,,26.2314758301,30.3411941528,17.6324520111,19.8470077515,18.0848388672,13.0269298553,20.436668396,24.3267459869,24.9459018707,31.6475582123,31.796869278,95.9153518677,2698.0,12.0,4.0
7016,1233.50012207,1020.43084717,1330.56188965,1322.52099609,1874.09716797,1769.96643066,1981.74291992,2815.57958984,2456.36474609,1868.01672363,1548.82922363,1904.99487305,0.0,0.0,0.0,0.0,0.0,0.0,0.0,0.0,0.0,0.0,0.0,0.0,0.0,0.0,0.0,0.0,0.0,0.0,0.0,0.0,0.0,0.0,0.0,0.0,0.0,0.0,0.0,0.0,0.0,0.0,0.0,0.0,0.0,0.0,0.0,0.0,0.0,0.0,0.0,0.0,0.0,0.0,0.0,0.0,0.0,0.0,0.0,0.0,0.0,0.0,0.0,0.0,0.0,0.0,0.0,0.0,0.0,0.0,0.0,0.0,0.0,0.0,0.0,0.0,0.0,0.0,0.0,0.0,0.0,0.0,0.0,0.0,26.2314758301,30.3411941528,17.6324520111,19.8470077515,18.0848388672,13.0269298553,20.436668396,24.3267459869,24.9459018707,31.6475582123,31.796869278,95.9153518677,2600.0,10.0,4.0
7429,656.76550293,552.503112793,640.538452148,715.239257812,1052.7644043,1499.67980957,1592.61987305,1827.28112793,1560.4786377,1046.06604004,680.295043945,653.304443359,0.0,0.0,0.0,0.0,0.0,0.0,0.0,0.0,0.0,0.0,0.0,0.0,,,,,,,,,,,,,,,,,,,,,,,,,,,,,,,,,,,,,,,,,,,,,,,,,,,,,,,,,,,,,26.2314758301,30.3411941528,17.6324520111,19.8470077515,18.0848388672,13.0269298553,20.436668396,24.3267459869,24.9459018707,31.6475582123,31.796869278,95.9153518677,2500.0,9.0,2.0
7510,2060.22631836,1561.36364746,1269.86315918,1518.54187012,1554.92663574,1405.79638672,944.688781738,0.0,0.0,0.0,0.0,0.0,254.462142944,104.810745239,56.03956604,15.3993310928,41.001789093,188.806716919,126.702392578,0.0,0.0,0.0,0.0,0.0,39.5119628906,37.8827171326,40.4722900391,43.7949256897,50.2788772583,49.4668884277,46.7890853882,0.0,0.0,0.0,0.0,0.0,1.89317107201,1.48763597012,1.88416099548,1.25216901302,1.55966508389,1.6357229948,1.34774303436,1.18830001354,1.74064707756,1.68932402134,1.99471199512,1.47801399231,118.801422119,30.6349182129,39.2000808716,12.002374649,18.2894496918,39.0753669739,28.164018631,0.0,0.0,0.0,0.0,0.0,,,,,,,,,,,,,36.5750236511,16.9630260468,9.61494541168,13.2857379913,27.7230052948,16.0156497955,14.7736635208,9.9874830246,20.350479126,36.0941963196,47.5742797852,48.8895683289,24.9779472351,2.99931001663,10.7135534286,38.30103302,32.4989700317,5.2302031517,1.70141100883,2.25464200974,10.3596982956,4.80261898041,4.92989826202,5.3171749115,3850.0,10.0,3.0
7731,464.333587646,351.262451172,426.77331543,456.368133545,717.75213623,1152.19787598,1202.88830566,1442.8347168,1153.6730957,638.411132812,407.843048096,470.78213501,2.10461711884,2.54670214653,23.8456954956,64.2263565063,251.457565308,603.789978027,637.49822998,824.248046875,591.143920898,198.008468628,13.9485168457,1.20387196541,,,,,,,,,,,,,,,,,,,,,,,,,,,,,,,,,,,,,,,,,,,,,,,,,88.5701217651,69.323928833,87.0118179321,80.9071502686,81.9235076904,73.4284057617,66.1960830688,72.3208084106,69.1763153076,69.9710998535,68.6793518066,91.6171340942,24.9779472351,2.99931001663,10.7135534286,38.30103302,32.4989700317,5.2302031517,1.70141100883,2.25464200974,10.3596982956,4.80261898041,4.92989826202,5.3171749115,2120.0,8.0,3.0
7741,322.201263428,250.241867065,307.753173828,242.49281311,331.237243652,857.082336426,952.743164062,862.3828125,680.664978027,0.0,187.159851074,1005.77880859,2.10461711884,2.54670214653,23.8456954956,64.2263565063,251.457565308,603.789978027,637.49822998,824.248046875,591.143920898,198.008468628,13.9485168457,1.20387196541,,,,,,,,,,,,,,,,,,,,,,,,,,,,,,,,,,,,,,,,,,,,,,,,,,,,,,,,,,,,,24.9779472351,2.99931001663,10.7135534286,38.30103302,32.4989700317,5.2302031517,1.70141100883,2.25464200974,10.3596982956,4.80261898041,4.92989826202,5.3171749115,1840.0,12.0,2.0
7769,322.996276855,222.987442017,235.880523682,237.802459717,358.88848877,592.009460449,539.588562012,617.875915527,483.157287598,297.014953613,238.527023315,307.950531006,0.0715700015426,0.0491980016232,0.505137979984,3.96616816521,84.557220459,292.214630127,259.366973877,318.610412598,200.415008545,37.7223205566,0.0750209987164,0.0473790019751,37.0474052429,32.4149208069,35.4655723572,41.6001396179,49.7041244507,54.8712768555,55.8403434753,56.5819664001,53.3331985474,48.2142601013,35.9147949219,32.9703445435,6.2358379364,4.97469329834,5.45385503769,6.02461290359,5.4151802063,6.11432218552,4.98635530472,6.2560172081,5.80522823334,6.26410913467,4.80124187469,5.15123796463,0.0,0.0,0.227324008942,1.954439044,41.4537010193,134.980255127,129.311401367,158.843307495,99.9147109985,18.7927856445,0.015453000553,0.0,7.62223911285,6.11522293091,7.2957201004,6.18298530579,6.1954293251,6.16918087006,5.7283372879,6.20365715027,4.61595916748,6.0152630806,5.92419433594,5.97522830963,114.294418335,69.7467193604,80.4225845337,69.6115493774,55.9591064453,49.2582817078,33.7555236816,32.018787384,45.0947799683,74.2125320435,73.2225570679,83.5850067139,135.054962158,89.3494644165,78.961807251,87.7682113647,131.81451416,185.144363403,161.122253418,178.298629761,151.976776123,55.2548446655,13.1674184799,38.311164856,960.0,6.0,3.0
7800,0.0,0.0,0.0,0.0,0.0567120015621,0.0,0.0,0.0,0.0,0.0,0.0,0.0,0.0,0.0,0.0,0.0,0.0,0.0,0.0,0.0,0.0,0.0,0.0,0.0,44.2451171875,38.9483261108,42.2242774963,41.9518852234,46.1843757629,42.215385437,45.2880706787,41.5706634521,40.335559845,40.2574806213,39.072052002,35.5913696289,4.06383323669,3.17614412308,1.89104604721,2.12680196762,2.41241908073,2.72715711594,2.4347910881,2.87425804138,2.04387593269,1.82724499702,2.08622312546,2.59819507599,74.2624588013,28.7149391174,35.4675941467,25.8922576904,69.0414886475,160.183013916,150.480484009,188.254516602,131.68397522,44.7869949341,34.8576164246,74.551612854,14.9490356445,16.563627243,6.56307125092,6.48198127747,9.02749347687,8.96926784515,8.59181690216,8.18944454193,4.5753121376,5.76998710632,8.89508056641,4.85428190231,,,,,,,,,,,,,264.507507324,236.776885986,263.523651123,214.87097168,252.496887207,229.617767334,183.771377563,202.065093994,217.315551758,270.149963379,316.993255615,236.179748535,2000.0,10.0,2.0
7850,617.80291748,584.612731934,644.237609863,658.840637207,989.855285645,1536.7557373,1558.71240234,1718.84375,1123.25598145,825.868164062,630.590270996,682.148193359,0.0,0.0,0.0,0.0,0.0,0.0,0.0,0.0,0.0,17.1665840149,20.4279651642,0.885376989841,0.0,0.0,0.0,0.0,0.0,0.0,0.0,0.0,0.0,3.50118398666,50.6570777893,46.6908226013,0.0,0.0,0.0,0.0,0.0,0.0,0.0,0.0,0.0,0.000662999984343,2.90591216087,2.48429512978,0.0,0.0,0.0,0.0,0.0,0.0,0.0,0.0,0.0,6.05227231979,45.2871513367,79.0875701904,0.0,0.0,0.0,0.0,0.0,0.0,0.0,0.0,0.0,0.0,1.88825798035,0.0,0.0,0.0,0.0,0.0,0.0,0.0,0.0,0.0,0.0,0.0707710012794,60.190574646,47.2722244263,264.507507324,236.776885986,263.523651123,214.87097168,252.496887207,229.617767334,183.771377563,202.065093994,217.315551758,270.149963379,316.993255615,236.179748535,2200.0,6.0,
7866,335.967956543,272.675018311,307.885986328,338.386505127,525.667785645,1082.64672852,932.745544434,1129.90820312,830.82623291,414.230529785,299.30368042,308.50302124,2.50241708755,0.0106760002673,0.00868699979037,26.2307624817,163.453048706,609.718200684,507.840667725,700.461547852,475.722015381,107.005485535,2.0862569809,0.00192100007553,31.6361160278,29.353509903,34.3994140625,42.24401474,44.1027946472,52.2745437622,35.443572998,52.2766838074,48.3195075989,46.6275177002,37.428440094,31.8955364227,0.0,0.0,0.0,0.0,0.0,0.0,0.0,0.0,2.32502198219,2.35975313187,2.6950609684,3.30031204224,19.4259338379,3.06844902039,4.14798307419,9.56013679504,42.2979202271,137.396972656,111.692909241,155.36265564,109.081100464,28.3888778687,14.9016056061,33.2285728455,,,,,,,,,,,,,55.4563293457,36.0423278809,64.2739715576,46.6030006409,38.0523605347,34.4670257568,24.4573402405,18.0921993256,18.1430797577,35.9090309143,50.4651794434,53.0491294861,3.64860796928,3.71608114243,3.32499599457,3.73979616165,5.01829814911,3.24893808365,1.46531498432,2.86560511589,2.34106993675,2.14312195778,4.15359306335,7.72444295883,1100.0,4.0,3.0
8317,511.03994751,398.812927246,452.240814209,534.251403809,692.24407959,967.144836426,1031.25061035,1127.43908691,972.082214355,693.899841309,557.88861084,584.222167969,0.0,0.0,0.0,0.0,0.0,0.0,0.0,0.0,0.0,0.0,0.0,0.0,,,,,,,,,,,,,,,,,,,,,,,,,,,,,,,,,,,,,,,,,,,,,,,,,0.0,0.0,0.0,0.0,0.0,0.0,0.0,0.0,0.0,0.0,0.0,0.0,3.64860796928,3.71608114243,3.32499599457,3.73979616165,5.01829814911,3.24893808365,1.46531498432,2.86560511589,2.34106993675,2.14312195778,4.15359306335,7.72444295883,1576.0,9.0,2.0
8626,623.015319824,401.615142822,438.261230469,429.294799805,559.686706543,879.600402832,889.197143555,943.425720215,831.85144043,594.719726562,550.377502441,732.416687012,0.0,0.0,0.0,0.0,0.0,0.0,0.0,0.0,0.0,0.0,0.0,0.0,,,,,,,,,,,,,,,,,,,,,,,,,,,,,,,,,,,,,,,,,,,,,,,,,,,,,,,,,,,,,3.64860796928,3.71608114243,3.32499599457,3.73979616165,5.01829814911,3.24893808365,1.46531498432,2.86560511589,2.34106993675,2.14312195778,4.15359306335,7.72444295883,3500.0,12.0,2.0
9052,535.078613281,439.292175293,503.633789062,550.658996582,909.622680664,1437.58081055,1581.87219238,1718.25561523,1332.90588379,784.055297852,510.69720459,539.265808105,0.0,0.0,0.0,0.0,0.0,0.0,0.0,0.0,0.0,0.0,0.0,0.0,,,,,,,,,,,,,,,,,,,,,,,,,,,,,,,,,,,,,,,,,,,,,,,,,0.0,0.0,0.0,0.0,0.0,0.0,0.0,0.0,0.0,0.0,0.0,0.0,3.64860796928,3.71608114243,3.32499599457,3.73979616165,5.01829814911,3.24893808365,1.46531498432,2.86560511589,2.34106993675,2.14312195778,4.15359306335,7.72444295883,2400.0,12.0,4.0
9499,438.291625977,381.723175049,451.151184082,466.776367188,698.716430664,950.835266113,929.142822266,708.595458984,0.0,394.027618408,508.816955566,519.921630859,0.508368015289,1.59864604473,4.03479719162,17.8391036987,111.477348328,289.731842041,308.573669434,249.830123901,0.0,30.7094116211,8.03960609436,0.00384200015105,,,,,,,,,,,,,4.10028123856,4.79541110992,5.38257408142,7.34700918198,8.53593826294,10.7572431564,8.35527896881,4.56512928009,4.15748596191,4.45507097244,5.39673519135,9.55994987488,28.9980564117,15.3423471451,13.6465463638,10.2893009186,26.9064617157,60.9930419922,68.6222381592,81.2970581055,60.5623321533,18.9258117676,18.4330997467,39.1705513,,,,,,,,,,,,,42.9876289368,49.841178894,48.4502220154,63.6758460999,68.7464675903,52.3912124634,41.133895874,23.1314411163,0.0,136.758590698,254.115844727,241.819869995,0.0,0.0,0.0,0.0,0.0,0.0,0.0,0.0,0.0,1.34621298313,0.0,0.0,1100.0,3.0,1.0
9609,880.583679199,512.07800293,989.255126953,711.855407715,579.403930664,984.864685059,1045.87915039,1147.23388672,838.435791016,624.529663086,925.01776123,1490.0111084,0.817326009274,0.273326009512,13.3594331741,30.0686149597,113.471481323,396.954650879,431.436859131,514.311706543,319.071655273,93.3407287598,14.9873189926,1.16370105743,,,,,,,,,,,,,,,,,,,,,,,,,84.5551300049,42.1293487549,31.6812858582,25.5980052948,50.0729217529,162.019546509,170.030776978,170.407455444,123.673027039,73.9406509399,66.5302124023,103.567993164,,,,,,,,,,,,,,,,,,,,,,,,,64.8927764893,42.857460022,45.1020355225,42.77526474,35.4231719971,41.702293396,36.705280304,40.4979438782,36.1228256226,42.4235687256,45.5411643982,78.5344772339,1080.0,5.0,
9654,241.376647949,178.845901489,182.470672607,212.734695435,355.453155518,610.282592773,809.252624512,881.059997559,826.102416992,410.525115967,217.224472046,256.758666992,0.0,0.00122400000691,0.0,21.2242622375,130.144515991,300.643096924,441.202423096,490.006103516,426.772094727,126.938560486,6.93214130402,0.0,,,,,,,,,,,,,10.4798374176,9.46679019928,10.5937709808,6.90179634094,10.0751180649,9.4124917984,9.42245388031,7.10958719254,7.48513412476,9.77505111694,8.55812358856,9.33837223053,47.7804908752,12.7891168594,8.48458099365,12.5391664505,40.6653938293,85.4531021118,122.652160645,130.634979248,114.881240845,38.5012588501,29.1607131958,55.356098175,,,,,,,,,,,,,29.9320201874,16.3126735687,21.3884143829,21.2640762329,15.4404878616,17.8237857819,21.2625293732,30.4173526764,25.7558841705,38.0342712402,20.6208820343,30.103685379,9.99742794037,12.2156219482,12.0760354996,11.0557804108,11.5686187744,9.13926792145,7.37777900696,13.9247512817,11.1840791702,19.6110992432,14.1159162521,21.9279937744,1300.0,2.0,0.0
9729,0.0,0.0,0.0,0.0,0.0,0.0,0.0,0.0,0.0,0.0,0.0,0.0,0.0,0.0,0.0,0.0,0.0,0.0,0.0,0.0,0.0,0.0,0.0,0.0,60.8500404358,56.7783508301,62.0090484619,60.2993240356,68.0374832153,65.1896972656,57.0242576599,63.2755813599,69.4356689453,67.5884628296,59.4170074463,50.3168373108,1.38723397255,1.18690598011,2.09445095062,1.59568798542,1.2892459631,0.845086991787,1.08018004894,0.971006035805,1.15532004833,1.44479596615,1.03278398514,1.38050198555,57.137512207,27.611366272,26.4084625244,22.263048172,55.9361534119,111.186714172,88.525428772,144.883453369,134.52003479,59.5963554382,43.183467865,62.2973327637,,,,,,,,,,,,,0.0,0.0,0.0,0.0,0.0,0.0,0.0,0.0,0.0,0.0,0.0,0.0,9.99742794037,12.2156219482,12.0760354996,11.0557804108,11.5686187744,9.13926792145,7.37777900696,13.9247512817,11.1840791702,19.6110992432,14.1159162521,21.9279937744,2222.0,11.0,4.0
9922,1436.99133301,1282.74304199,1469.95227051,1621.25769043,630.2109375,1197.91271973,2701.20629883,2579.11816406,1487.50793457,716.921203613,1683.91308594,1708.5579834,26.6615943909,13.3130569458,64.9394378662,160.928375244,97.669960022,533.029418945,971.958862305,1059.44335938,553.590576172,91.3910293579,61.456993103,6.73557043076,,,,,,,,,,,,,7.55332136154,7.20652103424,7.34252119064,8.10107803345,3.31231403351,2.01674413681,7.17272520065,8.24097156525,4.47776603699,0.342278003693,8.71071529388,8.78068733215,26.2671756744,19.3449115753,22.8065376282,33.2091255188,40.2405471802,50.0304908752,97.8156356812,121.174812317,68.36277771,11.5857725143,30.3047447205,31.3055686951,8.08535289764,8.88697147369,9.1044178009,8.00094795227,0.72219401598,1.41242802143,9.83320808411,8.84338283539,3.32955217361,0.0,13.2791252136,18.1247711182,73.0791091919,69.5853881836,73.1326751709,91.0276947021,20.4011898041,20.391960144,74.7169189453,72.8017044067,39.1381988525,2.88712716103,83.447883606,85.4993743896,147.679412842,123.674484253,129.57585144,134.52243042,84.200050354,92.4947433472,140.074768066,131.154724121,105.423019409,73.5972213745,160.022079468,159.555770874,2300.0,5.0,2.0
9933,700.723693848,608.180358887,681.834350586,727.281677246,1077.04101562,1008.86645508,1114.58996582,1312.85754395,1027.91467285,645.155029297,503.44317627,881.561950684,14.0510950089,8.11523914337,28.9544353485,84.4811248779,199.874130249,420.507720947,462.606262207,540.537963867,370.620727539,138.267074585,42.8938751221,3.94994997978,,,,,,,,,,,,,,,,,,,,,,,,,120.874168396,81.6167602539,82.1665802002,81.2170257568,98.0005340576,167.021286011,189.947052002,204.743347168,162.801727295,115.493255615,131.806137085,173.639633179,,,,,,,,,,,,,81.5782241821,58.1422462463,62.5540161133,65.4808197021,40.4658317566,44.0157699585,61.7766075134,47.1863212585,59.0210952759,56.7248191833,38.8336791992,82.0377197266,54.1307373047,54.9634475708,64.500038147,66.6091995239,73.1071243286,82.2850189209,85.2511062622,85.6649398804,81.3807830811,33.977645874,0.0,0.0,1474.0,8.0,5.0
9934,1296.67871094,847.416870117,919.863708496,876.514038086,801.091064453,573.377929688,1610.74389648,1814.76074219,1472.22961426,1011.19598389,1147.9284668,1724.18762207,363.557647705,164.401504517,165.121353149,151.141983032,310.35269165,283.543426514,765.781311035,910.076904297,634.59387207,200.049468994,294.07232666,580.436035156,,,,,,,,,,,,,6.21849822998,4.68894004822,5.02156209946,5.7071890831,4.5797662735,0.533936023712,4.79260587692,6.99255895615,7.31394433975,5.73700714111,5.95744609833,5.11523199081,79.1292190552,34.8605918884,33.5115394592,33.1219673157,58.5305595398,48.7502365112,135.204284668,151.796539307,110.993461609,42.2522239685,108.56426239,225.917358398,39.9630737305,32.7759666443,37.9242286682,36.6709403992,41.8537979126,2.17696905136,35.4759254456,41.1227455139,39.1311264038,43.3003616333,43.8860969543,40.6549224854,16.7611675262,7.54138708115,9.32653999329,10.0872049332,5.26787519455,0.0,6.61417293549,8.38975524902,5.57142686844,10.8393535614,9.69776916504,8.19061756134,54.1307373047,54.9634475708,64.500038147,66.6091995239,73.1071243286,82.2850189209,85.2511062622,85.6649398804,81.3807830811,33.977645874,0.0,0.0,2500.0,8.0,2.0
9982,395.320526123,294.272766113,307.923858643,371.762573242,522.944091797,867.915344238,823.337646484,965.400817871,854.335205078,241.024230957,182.547561646,347.270599365,0.0,0.0,0.0,0.0,0.0,0.0,0.0,0.0,0.0,0.0,5.22926807404,0.0,0.0,0.0,0.0,0.0,0.0,14.1860246658,62.7074928284,67.3592376709,12.7722873688,37.8193054199,50.0123672485,44.5161170959,0.0,0.0,0.0,0.0,0.0,3.94508814812,1.05308198929,1.61598598957,0.570825994015,1.30150306225,2.09722208977,2.24534296989,0.0,0.0,0.0,0.0,0.0,35.7533302307,139.010665894,167.664810181,34.1368675232,15.3321638107,18.4347496033,37.963432312,0.0,0.0,0.0,0.0,0.0,1.61396300793,9.23086452484,12.967294693,3.70270204544,8.21162891388,17.0453224182,17.4848232269,46.7237014771,45.7306976318,46.1177368164,53.8627853394,54.4133796692,43.9852752686,22.1674060822,24.4291877747,45.676197052,12.383225441,43.2012176514,63.8590545654,0.0,0.0,0.0,0.0,0.0,18.246049881,51.839138031,38.6673164368,10.2309913635,32.8100700378,47.9558792114,61.480178833,1400.0,4.0,3.0
