,aggregate_1,aggregate_2,aggregate_3,aggregate_4,aggregate_5,aggregate_6,aggregate_7,aggregate_8,aggregate_9,aggregate_10,aggregate_11,aggregate_12,hvac_1,hvac_2,hvac_3,hvac_4,hvac_5,hvac_6,hvac_7,hvac_8,hvac_9,hvac_10,hvac_11,hvac_12,fridge_1,fridge_2,fridge_3,fridge_4,fridge_5,fridge_6,fridge_7,fridge_8,fridge_9,fridge_10,fridge_11,fridge_12,dw_1,dw_2,dw_3,dw_4,dw_5,dw_6,dw_7,dw_8,dw_9,dw_10,dw_11,dw_12,dr_1,dr_2,dr_3,dr_4,dr_5,dr_6,dr_7,dr_8,dr_9,dr_10,dr_11,dr_12,wm_1,wm_2,wm_3,wm_4,wm_5,wm_6,wm_7,wm_8,wm_9,wm_10,wm_11,wm_12,area,num_rooms,num_occupants
26,765.002807617,663.851074219,769.035827637,698.147338867,995.478820801,1299.50183105,1035.32409668,1708.11486816,1231.77404785,1073.36669922,667.831176758,800.943237305,7.63571691513,2.04465007782,49.3615493774,81.4172668457,236.560089111,493.189483643,387.065551758,841.948120117,504.574371338,335.706542969,21.5781326294,1.64438331127,39.7657661438,37.6506004333,45.8785667419,48.560382843,56.5810012817,54.3622131348,54.59141922,57.8263320923,52.1659164429,52.564666748,50.3873977661,55.7192153931,20.4320831299,11.4606170654,13.1803331375,7.81420040131,11.7582330704,9.6548833847,8.0232667923,12.403550148,13.9509506226,16.9743499756,13.9964332581,16.5314006805,,,,,,,,,,,,,,,,,,,,,,,,,2047.0,6.0,4.0
59,2042.32592773,1478.16027832,1104.90759277,960.725891113,924.203918457,1117.20410156,1098.26525879,1514.58276367,1085.48864746,968.533325195,1364.93066406,1792.10144043,724.85357666,508.429138184,236.376205444,44.6451797485,31.4798164368,262.018737793,298.577331543,540.57598877,275.283660889,84.8558502197,343.020751953,380.281829834,6.02659988403,5.32683372498,5.88878297806,5.78509998322,6.02291631699,5.8110833168,6.06766653061,6.03801679611,6.06856679916,6.17689990997,5.90963315964,6.28488349915,,,,,,,,,,,,,87.5045166016,67.0237197876,98.5241317749,85.1279144287,70.5454406738,69.0447845459,52.0664634705,71.8860321045,64.4573669434,65.2520370483,85.4967041016,72.5005874634,,,,,,,,,,,,,3600.0,11.0,7.0
94,300.870544434,224.886703491,271.707794189,265.148803711,321.293792725,433.325042725,527.284606934,582.39239502,439.982116699,329.764099121,254.436035156,199.20451355,0.000300000014249,0.000166666664882,0.000699999975041,5.31806707382,22.3955173492,85.9101638794,125.332267761,149.583297729,80.6524276733,36.4694480896,5.00000023749e-05,5.00000023749e-05,45.9962348938,40.833316803,46.444896698,49.4179344177,57.8625526428,59.9305496216,60.2027664185,62.9261322021,58.3775367737,58.1227989197,46.7660675049,47.3106155396,4.9736828804,2.45671677589,3.61756658554,1.76671671867,3.58976650238,2.65888333321,1.51121664047,1.41918337345,1.51321673393,0.000466666679131,2.46038341522,1.68026661873,11.5652170181,11.3038330078,14.6236333847,7.85226678848,12.5498495102,7.90924978256,7.25491666794,7.3532834053,8.05493354797,8.73301696777,6.91466665268,5.46474981308,3.16906666756,1.97183334827,2.32933330536,1.46428334713,4.65679979324,1.78761672974,2.72115015984,4.27043294907,2.51018333435,2.56261658669,4.19089984894,2.56566667557,1713.0,3.0,2.0
135,295.499725342,284.742248535,241.11668396,279.938079834,341.938537598,438.378875732,480.428466797,523.128234863,379.79296875,327.426177979,264.998809814,276.764953613,106.709381104,104.319885254,48.8346977234,73.1627349854,120.457145691,216.323760986,249.42868042,279.063812256,161.274734497,108.939483643,58.9206161499,58.0680809021,0.686466693878,0.0916333422065,1.03285002708,0.415133327246,0.2065166682,1.71546661854,3.01596665382,0.891383290291,0.804416716099,1.47878336906,3.22480010986,2.67818331718,0.508116662502,1.25489997864,0.760933339596,0.0483499988914,0.774200022221,0.0382666662335,3.1642665863,2.90998339653,1.48706662655,6.26916646957,6.58628320694,6.77991628647,,,,,,,,,,,,,,,,,,,,,,,,,816.0,2.0,4.0
222,1694.98400879,1062.86279297,1429.8885498,1420.63464355,1878.21289062,2411.44189453,2341.00219727,2345.4753418,1995.26745605,1433.64404297,1347.4029541,1398.31237793,8.82320022583,13.2243499756,40.6881980896,235.634536743,383.553619385,793.142700195,882.801086426,879.411743164,690.71661377,419.070770264,39.1342353821,26.9546833038,91.2850341797,75.320930481,84.591506958,89.4788970947,96.4035873413,108.095832825,97.3280715942,106.687332153,103.179679871,119.878501892,117.282798767,188.072616577,26.0905513763,14.2941999435,10.7215328217,15.3334331512,17.5912647247,16.4334163666,7.6810836792,11.1012334824,11.5955991745,13.6760663986,18.0284671783,3.64191675186,,,,,,,,,,,,,,,,,,,,,,,,,2200.0,4.0,5.0
252,1165.71569824,944.003723145,909.876831055,1856.47229004,2668.50537109,1725.70703125,2354.9675293,2366.44433594,1807.41894531,1562.41015625,1121.96008301,1260.71154785,,,,,,,,,,,,,,,,,,,,,,,,,,,,,,,,,,,,,,,,,,,,,,,,,,,,,,,,,,,,,2700.0,4.0,4.0
370,770.034851074,743.031921387,820.186706543,993.123840332,1661.23059082,1825.25158691,1292.56079102,1487.45361328,1286.0880127,1117.3293457,802.47442627,875.410095215,1.78894996643,1.76366662979,1.48265004158,164.160461426,535.913146973,820.103088379,500.879730225,600.596069336,370.273040771,227.686843872,25.497133255,27.6499996185,0.169750005007,,,30.4350662231,36.3388671875,36.1270675659,36.7119636536,37.2131309509,36.2112159729,37.3685493469,34.4276847839,34.4593658447,0.051249999553,,,14.6317501068,21.8874340057,18.1897315979,14.3127164841,16.4374008179,14.7872333527,22.7500667572,21.7678165436,24.6075668335,,,0.0188500005752,0.950683355331,1.63956665993,1.51665008068,0.797666668892,0.954366624355,0.778416693211,0.661733329296,0.416933327913,0.450383335352,0.0219999998808,,,2.24768328667,2.59526658058,2.21276664734,3.09330010414,2.22541666031,2.22728347778,2.47318339348,2.71580004692,2.58764982224,2682.0,8.0,2.0
410,582.307128906,445.19631958,371.562286377,275.75970459,385.360046387,705.071899414,808.172729492,923.742370605,644.33013916,415.878875732,501.275817871,716.844299316,0.167966678739,0.135899990797,0.199249997735,33.2948303223,82.5443191528,329.409179688,407.828552246,501.222137451,259.169403076,74.5794677734,0.249899998307,0.275083333254,33.9458503723,32.3627166748,43.0206184387,50.837146759,52.0676345825,63.0543823242,59.7934646606,57.3439331055,56.8436317444,56.8062667847,42.5641326904,44.7664642334,,,,,,,,,,,,,,9.5172662735,77.7289123535,34.2586174011,44.9975357056,48.7745666504,47.5062332153,46.6242485046,51.2797164917,45.0405311584,50.6406021118,84.8352203369,,,,,,,,,,,,,1299.0,8.0,2.0
545,768.774414062,664.549926758,658.725646973,851.752868652,1098.59777832,1590.99987793,1855.38110352,1803.17736816,1509.703125,1157.30810547,621.796325684,780.262023926,1.73016667366,1.59014999866,18.3882827759,201.144714355,321.856445312,744.417724609,931.290283203,969.821899414,660.279724121,376.79888916,5.64295005798,1.52283334732,26.3099498749,23.8124008179,29.9693832397,35.9083328247,37.9403152466,38.7238998413,53.5060997009,54.1918678284,49.6356010437,52.9650001526,43.7760009766,40.7274169922,16.0432338715,13.5869998932,15.2824335098,18.9725170135,19.6103172302,14.6475334167,17.0616168976,12.532500267,14.038766861,16.8019332886,15.8282661438,17.2357158661,,,,,,,,,,,,,12.7774333954,10.553650856,8.83645057678,8.32653331757,11.9344835281,9.38675022125,9.29291725159,8.07019996643,10.2200498581,11.0034666061,8.43228340149,9.49069976807,2445.0,12.0,2.0
624,627.145935059,458.054412842,381.709686279,299.395294189,399.541503906,618.468994141,792.307983398,839.068481445,533.940917969,466.244934082,460.937835693,566.695617676,161.482589722,126.073532104,43.0482826233,0.291216641665,8.49828338623,207.399429321,405.113006592,357.131164551,185.915588379,55.2507362366,48.1359329224,44.9599494934,23.7562179565,25.9750995636,30.2339496613,34.346534729,37.7823181152,42.0330352783,40.3486328125,47.7109642029,44.2156982422,40.6263656616,31.6122837067,34.8048324585,10.3898038864,12.0868663788,12.5802001953,8.85840034485,11.6055335999,8.14461708069,6.00429964066,9.53645038605,9.92240047455,9.89113426208,14.3184337616,16.7291507721,1.87170028687,0.885699987411,1.67558336258,0.0340999998152,0.0348333306611,0.53001666069,12.1335334778,0.408083349466,0.0165333319455,1.22360002995,7.63245010376,13.6520843506,2.07582688332,1.72606670856,2.3913166523,1.74125003815,2.13100004196,1.87390005589,1.43436670303,2.13601660728,1.98360002041,2.41983318329,1.99844992161,2.03285002708,2100.0,7.0,4.0
661,734.538085938,627.301574707,713.87701416,702.234191895,815.784484863,1304.6583252,1621.93737793,1784.7722168,1288.96862793,1129.67272949,700.861450195,706.494995117,0.000683333317284,0.069366671145,21.7276496887,89.2842636108,196.80809021,567.893920898,802.133544922,940.353027344,559.220153809,321.239074707,11.3190002441,0.096116669476,38.0752868652,35.4668655396,40.7953529358,42.0581817627,46.5658683777,43.4546470642,44.6563835144,43.4669494629,42.8753967285,42.5449829102,36.9660148621,36.1520500183,0.0124333333224,0.0190666671842,0.385066688061,0.00726666674018,0.00706666661426,7.89776659012,0.00730000017211,0.00573333306238,2.45958328247,0.00949999969453,0.0304333344102,0.426999986172,42.0146980286,41.4316825867,37.8855819702,37.1010169983,16.5968170166,40.4119987488,25.0866508484,32.6739807129,25.1645336151,38.1597328186,34.6678009033,33.2369346619,5.20858335495,4.54321670532,5.42093324661,3.55394983292,1.26583337784,5.55466651917,4.85513353348,2.38755011559,1.88548326492,2.87668323517,3.62876653671,5.52348327637,1664.0,6.0,2.0
871,606.112976074,526.632995605,542.888061523,481.929412842,726.448547363,892.936035156,918.60736084,1046.82775879,723.253601074,620.450195312,475.87677002,584.972412109,28.8058338165,25.8755664825,28.878484726,35.8434486389,94.5529708862,251.296920776,316.148834229,442.718475342,223.456039429,115.625427246,27.5597000122,28.2725658417,52.2034187317,51.0975151062,55.5648498535,61.1198501587,81.7565307617,89.1732940674,88.8890991211,85.9914855957,76.8198165894,72.8306655884,53.4846153259,56.2345809937,18.4859333038,18.2714157104,16.8250331879,17.3783836365,20.0050830841,8.73734951019,9.74615001678,9.11926651001,9.07320022583,10.7766160965,13.1298666,16.1935157776,60.439666748,69.0052490234,78.2614135742,54.531867981,60.2500495911,60.5854988098,45.7981338501,61.6372489929,43.9138832092,47.6000823975,51.6849632263,69.3858184814,2.0353167057,2.61041665077,3.46066665649,2.77189993858,3.04885005951,7.03176641464,3.19648337364,2.5298666954,2.33756661415,2.25610017776,2.10555005074,2.62201666832,1652.0,8.0,4.0
936,325.021942139,272.471466064,311.534667969,354.935760498,387.711334229,717.352722168,870.522583008,861.357666016,708.992980957,403.710449219,289.388641357,290.308441162,0.0,0.69171667099,0.0581000000238,55.40051651,118.955101013,360.540893555,472.314331055,503.782470703,319.533996582,99.1079711914,0.0385666638613,0.0188500005752,39.4395904541,37.0389633179,49.8470649719,58.0209846497,62.393283844,71.9467010498,72.6937332153,71.7407150269,70.5061340332,67.0239868164,50.1065368652,49.5956001282,,,,,,,,,,,,,,,,,,,,,,,,,,,,,,,,,,,,,1400.0,8.0,4.0
1169,477.571472168,494.561187744,478.382904053,437.076507568,393.844055176,658.081298828,955.828063965,710.273803711,747.292053223,671.533996582,455.289825439,552.354125977,1.07651674747,0.767450034618,0.789333283901,3.0908331871,13.391500473,174.607452393,301.840576172,256.941955566,213.378356934,91.9140472412,0.719650030136,0.688700020313,32.351600647,36.4567337036,43.1593666077,49.5311470032,50.3774833679,60.5317993164,67.7368240356,55.4611167908,59.8071670532,57.1027641296,42.9928970337,43.916267395,3.65568327904,4.45603322983,6.33548355103,6.26940011978,3.18105006218,4.44589996338,7.7579331398,1.53486669064,8.48375034332,6.37746667862,6.42988348007,10.118516922,18.1548671722,15.8335666656,15.3152666092,13.5127496719,11.6920661926,3.99388337135,12.6355829239,7.98981618881,6.99091672897,9.34316730499,21.3247680664,35.3037490845,0.308033317327,0.785133302212,0.573583304882,0.555833339691,0.543266654015,0.223933339119,0.622466683388,0.40775001049,0.256533324718,0.524366676807,0.941700041294,1.36593329906,1430.0,6.0,2.0
1283,804.016601562,751.73059082,777.003540039,653.651123047,898.379577637,999.114501953,1674.37841797,2109.2980957,1514.82788086,1157.23999023,710.240844727,695.965759277,0.085966669023,0.059549998492,0.0492499992251,99.4515304565,299.838928223,438.688446045,906.230041504,1252.83093262,821.208435059,489.93963623,36.9797134399,0.00065000000177,,,,,,,,,,,,,,,,,,,,,,,,,0.0510833337903,0.120483331382,0.498649984598,0.516233325005,0.605233311653,0.596816658974,0.780666708946,0.908866643906,0.643249988556,0.564716696739,0.294133335352,0.18043333292,,,,,,,,,,,,,2500.0,10.0,5.0
1334,287.39642334,242.926544189,331.119781494,313.43069458,287.075958252,382.624542236,509.543121338,487.950897217,464.754669189,405.024810791,310.760681152,367.254516602,0.086333334446,0.118633329868,0.449549973011,3.9092168808,0.168899998069,48.8891677856,113.258979797,146.912216187,116.331237793,12.7965497971,0.212149992585,0.28818333149,58.3785820007,57.8058662415,73.807472229,78.7350845337,75.4266662598,97.4100036621,115.490531921,100.675666809,96.1113357544,89.6210021973,66.7115020752,70.9609909058,,,,,,,,,,,,,,,,,,,,,,,,,,,,,,,,,,,,,1100.0,5.0,2.0
1500,399.087615967,334.307922363,336.042449951,307.788330078,94.8649520874,298.849517822,467.747680664,469.711151123,401.305053711,301.30947876,279.798553467,279.624237061,0.0557833313942,5.40398359299,5.60701656342,31.9775009155,4.56291627884,99.9859161377,176.179351807,194.035522461,126.189086914,63.8673973083,1.71538329124,1.53909993172,25.8245830536,25.9679489136,29.0619335175,31.7530841827,25.6700668335,30.1921653748,33.5027503967,34.4138832092,33.2827339172,29.6100997925,27.677066803,28.3882331848,7.24084997177,4.84561681747,2.39663338661,2.42223334312,0.48413336277,1.91623330116,1.94889998436,0.472783327103,0.486366659403,0.536516666412,2.50206661224,2.50786662102,,,,,,,,,,,,,,,,,,,,,,,,,713.0,3.0,2.0
1642,431.382293701,460.297607422,519.498535156,644.85144043,906.416564941,1453.33544922,1782.12634277,1798.18933105,1429.30627441,1025.73754883,508.093780518,597.585693359,0.090499997139,0.145566672087,5.83228302002,56.7843666077,137.782196045,397.287689209,582.639831543,694.569824219,464.177185059,250.428359985,2.56286668777,0.05618333444,80.2576293945,68.2893829346,84.7776489258,93.0006484985,104.097221375,103.728088379,82.4600296021,100.846664429,88.9830703735,96.1775665283,89.7562637329,92.8669967651,6.77264976501,4.94806671143,8.77124977112,7.23854970932,6.6721663475,5.94335031509,6.77754974365,12.0640497208,9.01663398743,8.70311737061,8.10368347168,8.2312335968,,,,,,,,,,,,,3.70630002022,2.2132999897,2.32323336601,2.35486674309,2.52791666985,1.82773339748,2.04844999313,2.79066681862,1.8899166584,1.18490004539,2.02425003052,1.26438331604,1720.0,11.0,3.0
1700,2520.38500977,1956.76000977,1401.85375977,985.074035645,1089.60571289,1745.66418457,1688.05737305,2322.6159668,1585.35961914,1193.89331055,1739.32165527,2146.86425781,645.01751709,498.29888916,226.834442139,67.3529510498,75.4419708252,220.231063843,443.714111328,460.815002441,352.31427002,189.736526489,27.208366394,29.457698822,50.2969665527,47.0943984985,50.8132858276,58.6208305359,69.1589660645,86.0330276489,79.6228637695,69.9552154541,79.6637649536,81.4344558716,64.3793029785,67.338180542,,,,,,,,,,,,,58.9641838074,57.9950141907,50.7239990234,60.7541313171,60.1457328796,61.8184127808,57.47133255,27.0499820709,39.50258255,67.9282836914,52.3193664551,68.8255004883,3.53116679192,3.49213337898,4.55526638031,3.68466663361,3.59479999542,4.07908344269,3.78180003166,1.28196668625,1.78240001202,3.88855004311,3.0256998539,3.36728334427,3100.0,15.0,4.0
1800,555.259033203,530.135986328,519.278137207,630.626342773,774.264770508,1227.59326172,1402.52209473,899.319091797,1251.72265625,816.079650879,574.395263672,530.557189941,,,,,,,,,,,,6.07398319244,,,,,,,,,,,,,,,,,,,,,,,,,,,,,,,,,,,,,,,,,,,,,,,,,2075.0,9.0,1.0
1953,443.513336182,385.293029785,338.959625244,372.895202637,431.763458252,853.034790039,843.43572998,1206.91162109,775.577819824,487.032653809,407.325836182,544.408874512,0.163466662169,0.142266660929,5.82835006714,46.776184082,109.176734924,434.70413208,476.678253174,727.063415527,367.163726807,137.636779785,0.0223500002176,0.00598333356902,34.1210670471,30.4653663635,38.395450592,43.5834197998,44.0403022766,46.7818984985,49.02866745,50.0503311157,47.4537353516,45.8045654297,46.2607841492,39.4608306885,,,,,,,,,,,,,,,,,,,,,,,,,,,,,,,,,,,,,1600.0,8.0,2.0
2156,870.22467041,772.037353516,881.595153809,951.158508301,933.023742676,1085.95117188,1091.53051758,1342.89868164,1117.45458984,846.483764648,794.75,1011.20788574,195.364593506,173.650390625,128.845428467,250.852035522,300.163879395,441.26385498,519.001159668,716.899475098,468.400970459,314.081054688,150.162216187,147.129821777,49.5255661011,44.2021331787,51.2696990967,53.8325157166,54.8606491089,54.5372009277,57.7562637329,62.8192138672,57.9942131042,56.0468025208,50.7831840515,57.0128173828,18.6121177673,13.4779500961,17.1171512604,20.9772491455,14.7547502518,16.2323493958,11.5622663498,13.3933334351,14.7633838654,11.938615799,14.0392332077,18.3629341125,61.9510002136,43.7161483765,61.5841026306,55.9933166504,55.9362335205,57.7170333862,50.1423988342,55.8442497253,67.2206192017,46.0536689758,57.9332847595,67.7990493774,7.6874666214,6.34296703339,7.68529987335,6.78989982605,7.39991664886,6.66678333282,6.49886655807,7.33976650238,8.09656715393,6.82451677322,7.36039972305,7.83656692505,1780.0,7.0,2.0
2233,496.027130127,407.703216553,478.40512085,605.880737305,907.019470215,1254.46923828,1661.89831543,1751.34753418,1331.80603027,894.725708008,658.182373047,631.127441406,,,,,,603.697631836,1009.22369385,1103.52954102,741.973083496,402.002471924,37.4323158264,30.3208999634,,,,,,46.8106155396,54.211315155,55.0299186707,51.8010520935,53.7311668396,47.4565162659,48.2859840393,,,,,,9.30065059662,10.0623664856,10.9954500198,6.94820022583,10.8531837463,11.7268333435,11.7685165405,,,,,,,,,,,,,,,,,,4.08468341827,5.10489988327,4.67241668701,4.15233325958,4.10233354568,5.97928333282,5.54786682129,3300.0,4.0,4.0
2242,1198.19519043,886.51373291,925.749633789,1027.9979248,1540.61828613,2318.03320312,2588.57006836,2516.11181641,1809.86254883,1272.69543457,928.526550293,1293.68774414,22.9118995667,21.2164497375,35.9632835388,193.567352295,336.65032959,528.727722168,671.450073242,835.334838867,631.49005127,351.418823242,36.1497993469,33.5437164307,52.8165359497,44.3316001892,49.5882492065,50.1751327515,63.4710350037,64.6502685547,62.7952346802,58.9816665649,53.7454833984,51.3500823975,50.2200813293,53.2266311646,21.7065849304,17.3535671234,14.6047496796,13.3522996902,17.8628826141,15.0962667465,16.8295173645,11.1831169128,15.8573331833,10.2317333221,15.556883812,19.3412837982,105.63356781,50.9441184998,67.4304275513,86.3450469971,91.4117507935,96.0556335449,111.200294495,68.1926193237,79.0674972534,59.9038505554,73.9939651489,113.364784241,6.90110015869,4.20356702805,5.2310667038,5.91793298721,6.57893323898,7.48373317719,6.90454959869,4.81513309479,5.57146692276,4.30100011826,4.71818304062,6.03796672821,3500.0,4.0,2.0
2378,913.049377441,759.327758789,400.27645874,645.845581055,795.651855469,428.042541504,1519.31079102,1879.44018555,836.346862793,574.213134766,543.082519531,534.366394043,2.51198339462,2.49991679192,2.20616674423,116.523216248,177.665084839,1.56615006924,708.277893066,985.970947266,347.211273193,123.561485291,1.45531666279,1.56698322296,,71.2870178223,61.0038528442,64.3547668457,73.6360702515,59.4423522949,75.3321609497,81.4379806519,63.1478004456,66.1432189941,103.656265259,81.5012664795,,,,,,,,,,,,,,,,,,,,,,,,,,,,,,,,,,,,,1600.0,7.0,2.0
2470,430.940216064,406.746826172,450.871551514,457.816375732,648.8125,966.768981934,1075.40332031,1166.94921875,908.346374512,640.010681152,471.598114014,426.250732422,0.00261666672304,3.22926664352,6.2078499794,69.7918395996,158.093276978,402.352661133,476.750762939,568.100891113,342.611846924,181.523452759,10.6238164902,5.603266716,38.06483078,31.8680000305,37.7090148926,39.4923019409,47.7898979187,48.3796157837,51.9084320068,51.4945526123,47.56016922,49.1836166382,38.1256828308,36.863483429,0.0174166653305,0.0134666673839,0.0149999996647,0.0146333333105,0.0138500006869,0.0192666668445,0.0151166664436,0.0120666669682,0.0153666669503,0.0335999988019,0.0179166663438,0.0120000001043,3.09284996986,35.0868148804,53.3083152771,52.5004501343,49.5535812378,51.6498680115,44.9630508423,36.9844474792,55.4708824158,54.8889846802,56.7261314392,61.156867981,2.86669993401,4.48568296432,6.78196668625,5.36926651001,6.83489990234,5.48606681824,10.9082164764,4.40116643906,5.9861831665,4.25250005722,6.17895030975,5.64164972305,1550.0,3.0,1.0
2814,823.658569336,682.633178711,824.514587402,966.158630371,1159.47167969,1667.06420898,1666.86584473,2049.02246094,1313.60778809,1045.52978516,696.785339355,939.731262207,0.677333295345,0.494533330202,9.01856613159,138.313064575,254.384963989,654.457458496,841.470153809,1104.85290527,533.984741211,301.249206543,1.82400000095,1.45538330078,46.0978660583,42.8956680298,47.3584861755,50.2641334534,53.8753662109,57.2470664978,55.677116394,59.2325668335,55.3721160889,57.9077339172,46.024684906,45.6172637939,13.6930170059,10.244383812,11.6127166748,11.5948495865,11.5433330536,14.1612501144,10.7285833359,12.4075994492,8.11463356018,12.440032959,11.8925495148,13.973400116,96.7318496704,76.1660461426,106.475456238,75.4597473145,79.3063964844,92.0607833862,69.8778686523,89.518951416,74.2559661865,78.5250320435,84.098487854,95.3547058105,5.25174999237,3.87231659889,4.73316669464,3.94379997253,4.22281646729,4.92529964447,3.0882999897,3.994566679,3.40551662445,4.41654968262,4.14796686172,4.37585020065,1860.0,7.0,2.0
2925,638.250549316,539.942993164,632.946411133,783.245910645,817.879699707,1570.97094727,1726.17004395,1877.09838867,1977.59057617,1597.16650391,743.17767334,598.091308594,,,,,,,,,,,,,,,,,,,,,,,,,,,,,,,,,,,,,,,,,,,,,,,,,,,,,,,,,,,,,2330.0,3.0,4.0
2953,251.7628479,218.076095581,218.306243896,242.301956177,251.693511963,516.185119629,493.843444824,692.865783691,492.104034424,321.884460449,229.951599121,269.30090332,0.066550001502,0.0493666678667,0.0543166659772,0.0617333352566,9.7827835083,198.915435791,210.840438843,357.809143066,194.546890259,63.432800293,0.0548166669905,0.0528666675091,53.4070014954,50.5540161133,55.0043182373,65.0480499268,67.9724655151,69.7061004639,65.3715515137,69.813369751,64.7995376587,64.3901824951,52.8775520325,55.3393516541,,,,,,,,,,,,,27.4484157562,22.4498348236,30.9949493408,25.7314167023,21.1720657349,35.204082489,21.3041496277,26.681432724,26.74883461,20.4858016968,30.9773330688,29.9574012756,1.54404997826,1.26481664181,1.79715001583,1.432066679,1.2744166851,2.29798340797,1.47500002384,1.64490008354,1.92701673508,1.32241666317,1.46441662312,1.42583334446,1500.0,5.0,2.0
2986,304.56072998,262.308868408,266.813964844,299.658843994,266.927520752,517.103820801,1003.19445801,1649.74963379,1142.50109863,895.301208496,278.33203125,286.380889893,,,,,,,,,,,,,,,,,,,,,,,,,,,,,,,,,,,,,,,,,,,,,,,,,,,,,,,,,,,,,2310.0,6.0,2.0
3224,463.46862793,443.407501221,446.025939941,342.955413818,392.325042725,631.018981934,850.491577148,990.726806641,710.287658691,567.47869873,345.052703857,453.780914307,,,,,,,,,,,,,,,,,,,,,,,,,,,,,,,,,,,,,,,,,,,,,,,,,,,,,,,,,,,,,2000.0,10.0,2.0
3299,225.700653076,194.608383179,156.393447876,218.635650635,250.31590271,309.971893311,132.6771698,266.290161133,294.21673584,290.821960449,178.673324585,175.933731079,0.0473666675389,0.0411666668952,0.0418333373964,31.9295845032,62.8444633484,116.009498596,23.7389163971,100.688781738,106.592353821,86.4880447388,9.77090072632,4.92988348007,25.5535507202,24.3173675537,28.4659004211,29.4153499603,30.7527332306,29.9063663483,34.8903007507,33.1805000305,29.6072158813,30.3591499329,27.9347496033,27.7791843414,,,,,,,,,,,,,,,,,,,,,,,,,,,,,,,,,,,,,975.0,5.0,1.0
3367,963.564208984,890.96081543,819.912597656,988.279907227,1287.14672852,1932.86071777,1976.86242676,2495.04492188,1926.6184082,1585.86938477,805.398864746,892.320678711,1.21218335629,8.64913368225,6.80986690521,136.994094849,331.443969727,791.331298828,939.538879395,1214.86328125,781.609741211,492.556274414,2.86460018158,1.76271665096,55.4265823364,51.9434165955,54.5646476746,57.5655822754,63.6549835205,64.6354675293,67.0558700562,70.2500686646,68.4421768188,72.051071167,55.9566688538,53.3039855957,0.0933166667819,4.24359989166,16.3767166138,16.3464164734,17.0481510162,17.0886325836,14.119383812,22.3062648773,22.3693161011,17.7357673645,19.2649002075,22.8914852142,,13.5932502747,58.0690155029,81.7616653442,63.8406677246,66.8197784424,54.3636474609,71.3672943115,67.4430465698,66.7575454712,91.3755569458,71.7233505249,7.63479995728,6.98038339615,2.85391664505,4.87550020218,2.86823344231,2.43385004997,2.39618325233,4.14108371735,5.91828298569,3.64948344231,4.75274991989,2.71658325195,2800.0,4.0,3.0
3443,431.644226074,383.839538574,300.776519775,291.265686035,337.115020752,389.303131104,406.147338867,405.509613037,349.119567871,290.010284424,266.223052979,245.911499023,0.00343333347701,3.15056657791,2.82463335991,37.3358001709,68.9585723877,122.307502747,136.431167603,140.075073242,99.1893386841,50.6720352173,1.61748337746,1.62176668644,29.6751003265,27.2811164856,31.2767677307,33.27551651,36.8081169128,34.093963623,35.2801170349,35.7725334167,33.9609184265,34.4191322327,29.0423336029,29.8917160034,0.632016658783,0.0,0.57775002718,0.460333317518,0.0,0.322450011969,0.0,0.0,0.60913336277,0.0,0.0,0.539333403111,,,,,,,,,,,,,,,,,,,,,,,,,650.0,4.0,1.0
3456,346.458435059,293.428436279,328.342285156,418.573608398,533.32434082,796.532043457,952.356506348,1173.19897461,844.850891113,560.952392578,318.461517334,354.830627441,0.0,0.0,4.40221691132,84.5003662109,154.120559692,401.533569336,524.935791016,675.970336914,414.363525391,205.583602905,0.0256666652858,0.0,71.0972366333,61.0589637756,71.1050720215,75.9672012329,83.7277679443,85.2966995239,83.7218856812,86.0055847168,83.7280731201,85.2602462769,71.1777191162,73.6864013672,4.64938306808,3.74753332138,4.26018333435,4.4919834137,0.658950030804,2.95363330841,0.0,3.08301663399,1.63141667843,4.58368349075,2.20168328285,0.0,4.52064990997,10.7777833939,11.5658330917,27.5845336914,14.0933332443,6.19086647034,11.5135993958,15.9432001114,23.1505508423,14.7017831802,11.5845499039,27.833650589,1.71378338337,2.01838326454,2.09325003624,2.04603338242,1.6779333353,1.33401656151,1.3940333128,1.79168331623,2.52814984322,1.146666646,1.31421673298,2.3044500351,1720.0,10.0,2.0
3482,393.213134766,306.613830566,355.851226807,389.035461426,456.078125,697.419494629,783.67401123,760.267700195,710.582336426,508.879089355,339.942657471,359.857788086,1.11158335209,0.922816634178,1.10391664505,40.7813682556,99.0496292114,242.336273193,287.57043457,312.215270996,215.273010254,137.942733765,4.86231708527,0.682866632938,37.4661331177,34.8796844482,38.9256668091,41.9146003723,46.0291824341,46.1877861023,48.8201828003,49.9701156616,47.5921020508,46.6203308105,39.940700531,39.2651481628,,0.00371666671708,0.0116666667163,0.0124333333224,0.00986666698009,0.00835000071675,0.00968333333731,0.00784999970347,0.0121833337471,0.00835000071675,0.00841666664928,0.00776666682214,15.4686326981,12.5792169571,17.997051239,15.2058162689,10.9555330276,20.4593334198,15.3281335831,18.0232410431,14.8956832886,14.4727830887,18.5860671997,9.55968379974,1.27466666698,0.877399981022,1.4347332716,1.40241658688,0.979950010777,1.85393333435,1.62831664085,1.99368333817,1.0638999939,1.13126659393,1.75849997997,0.673883378506,1840.0,9.0,1.0
3652,1423.87463379,949.425415039,1097.41589355,1218.53125,1565.77697754,1595.22888184,1883.2911377,2327.05053711,1987.28491211,1715.92687988,1121.17333984,1018.31469727,0.0355166681111,24.8200511932,42.6173019409,275.115966797,498.933898926,702.05480957,875.617675781,1162.59692383,811.778320312,559.521728516,39.7925682068,19.9964160919,142.513824463,117.879699707,139.40536499,136.551864624,149.513183594,139.296401978,143.567779541,150.6381073,144.501266479,149.470230103,142.043731689,135.525436401,40.3250160217,30.4470996857,36.0974502563,29.6612167358,32.8358840942,12.3326330185,13.1691999435,25.165933609,32.1111984253,33.0873527527,42.0108680725,35.9467506409,,,,,,,,,,,,,,,,,,,,,,,,,2700.0,9.0,4.0
3723,540.134338379,383.301086426,452.699249268,528.167236328,681.387084961,709.916809082,1102.0456543,1430.48498535,1213.41540527,986.975036621,469.838104248,424.652526855,0.000950000016019,1.89533340931,17.7909011841,108.332649231,201.116821289,274.028167725,500.441802979,670.775756836,465.11340332,284.495666504,3.64718341827,4.08878326416,44.6776847839,35.0009841919,48.2148170471,44.6068840027,51.1762161255,51.1373176575,53.389251709,55.5125656128,52.4971694946,53.1311988831,41.1224479675,38.0417861938,10.9279336929,6.08768320084,6.95144987106,2.38870000839,3.35800004005,4.41638326645,4.10563325882,4.53371667862,6.14855003357,3.94853329659,4.52970027924,4.01440000534,62.6968307495,34.2563667297,34.0201339722,30.779466629,28.6204166412,28.8054161072,25.7983493805,29.9528999329,32.3140335083,25.2064342499,35.2633171082,36.9960174561,4.10960006714,2.15973329544,2.47605013847,2.40424990654,2.26145005226,2.02378320694,2.19738340378,2.45768332481,2.18676662445,1.80830001831,2.17431664467,2.15100002289,1551.0,3.0,2.0
3736,850.435546875,694.729064941,707.134216309,817.998901367,782.016723633,1129.45202637,1335.60949707,1412.43798828,1092.10253906,863.672546387,706.561523438,882.147460938,4.1454834938,1.61528337002,0.0,61.0861663818,105.073471069,398.090393066,551.895202637,623.906799316,344.417541504,140.131988525,0.0,0.0,,,,,,,,,,,,,4.40716648102,5.15788316727,5.31494998932,5.35170030594,5.5421500206,4.33208370209,3.1806333065,5.01270008087,3.75060009956,5.37733364105,6.32425022125,6.11905002594,32.8046684265,19.4455337524,22.7221832275,20.7960987091,12.9310998917,4.21373319626,4.52054977417,1.37944996357,13.8179340363,0.312483340502,8.13956642151,22.2624492645,2.92324995995,2.58873343468,2.56869983673,4.09355020523,2.92888331413,2.66535019875,1.97710001469,2.90128350258,3.14368343353,2.19013333321,2.24310016632,2.01325011253,1800.0,6.0,2.0
3778,506.104064941,421.15145874,452.784637451,548.768981934,811.022705078,870.141052246,946.624511719,886.839660645,826.116699219,661.32598877,525.364135742,698.758178711,0.0554333329201,0.0399833321571,0.305383324623,49.4721832275,117.183982849,255.379745483,327.796081543,350.081329346,234.046966553,130.302734375,2.7743332386,9.59534931183,,,,,,,,,,,,,,,,,,,,,,,,,,,,,,,,,,,,,4.08608341217,3.33511662483,4.06588315964,4.03458309174,3.67849993706,4.43945026398,3.91085004807,3.72900009155,4.72616672516,3.58256673813,4.70241641998,4.78763341904,1262.0,5.0,3.0
3829,928.602416992,804.007568359,791.251098633,712.29699707,790.932617188,697.61895752,1025.6463623,1069.32421875,911.245422363,724.746948242,781.609863281,839.996520996,175.619247437,154.039031982,60.997631073,86.7008666992,164.222595215,241.939208984,435.36505127,504.591644287,325.487060547,173.000473022,82.6155700684,95.7233200073,,,,,,,,,,,,,,,,,,,,,,,,,26.1321983337,18.4245662689,20.1793994904,23.6342315674,25.1368503571,17.2106838226,24.5049343109,17.4632167816,23.1064338684,20.6046180725,22.9689006805,26.7385845184,,,,,,,,,,,,,2300.0,4.0,2.0
3893,1131.97021484,933.562316895,766.581359863,710.260009766,927.111083984,1081.45178223,1500.35217285,1490.89709473,1055.19238281,891.996765137,867.530090332,1091.67810059,3.62881660461,3.24196648598,4.39481687546,38.345035553,139.82119751,315.743286133,486.466003418,453.190460205,238.384460449,84.9464569092,22.5475502014,32.3952674866,0.00161666667555,0.000266666669631,0.00254999985918,0.00241666682996,0.00279999990016,0.006950000301,0.0179999992251,0.0109666669741,0.00696666678414,0.0129166673869,0.00373333343305,0.00445000035688,0.190666675568,0.158983334899,0.105083338916,0.133750006557,0.149899989367,0.0634166672826,0.12418333441,0.0710000023246,0.0761333331466,0.146466657519,0.132316663861,0.156166672707,71.722984314,58.2556495667,76.4335861206,45.5921821594,49.4911842346,42.5118026733,47.4863166809,42.0910148621,40.7635498047,54.6860809326,79.7356185913,73.8506164551,3.8397333622,2.63530015945,3.66013336182,2.2525832653,2.37050008774,2.39180016518,2.92903351784,2.22766685486,2.40391683578,2.766299963,4.32229995728,3.21713328362,2700.0,9.0,2.0
3967,716.829589844,608.056274414,618.024902344,702.477783203,845.862792969,1452.60717773,1968.04370117,1920.15002441,1176.77124023,641.881103516,586.55291748,878.908447266,0.226300001144,1.77209997177,2.34033322334,87.9073181152,204.994628906,620.661315918,927.274658203,1008.65551758,486.434570312,136.924240112,0.1426499933,0.405900001526,34.5497932434,31.5839996338,36.694316864,41.8962516785,46.9982147217,54.8090171814,49.5619659424,49.6447143555,44.625,44.2298164368,37.4354896545,40.4623146057,0.0521555542946,0.0,0.0561166666448,0.0434999987483,0.0333833321929,0.0415166653693,0.0311166662723,0.0430999994278,0.0354833342135,0.0282499995083,0.0438333302736,0.071050003171,0.158999994397,,,,,,,,,,,,5.25358343124,6.04799985886,5.76525020599,5.18011665344,4.32026672363,7.31494998932,3.61730003357,3.81436681747,4.16729974747,2.44580006599,3.31493330002,5.97563314438,2500.0,10.0,2.0
4000,33.5083007812,433.739471436,359.461883545,275.694122314,313.313079834,327.68069458,355.851898193,377.126098633,337.169891357,321.487731934,131.507522583,1.46518337727,0.0186000000685,0.283883333206,0.305099993944,7.53000020981,35.7207641602,69.6139984131,92.8070983887,114.731956482,75.592956543,42.2337150574,2.12424993515,0.000500000023749,1.49540007114,26.3399486542,31.1265506744,34.5191001892,36.8986663818,36.2099494934,37.5090141296,37.5636978149,35.2502670288,33.5102844238,22.1104488373,0.290649980307,0.0,0.548500001431,0.549066662788,1.3490666151,1.0434166193,0.54736661911,0.553716659546,1.10204994678,0.547200024128,0.561966657639,0.492416650057,0.0,0.0,8.60759925842,12.6293001175,6.06786680222,9.68661594391,10.7423667908,9.15071678162,9.22283267975,10.1703329086,13.2817335129,13.2883996964,0.0,0.0,0.371016651392,0.617650032043,0.366883337498,0.610900044441,0.604383289814,0.490416646004,0.488950014114,0.616016685963,0.98609995842,0.989283323288,0.0,740.0,3.0,1.0
4298,624.711669922,517.555847168,534.81072998,570.907226562,518.066833496,711.8984375,710.970703125,895.857116699,670.684692383,526.323242188,504.641693115,612.373352051,0.232916668057,0.00124999997206,0.0,12.0359334946,62.2058334351,267.072418213,317.952178955,438.236633301,211.586120605,77.4289855957,5.00000023749e-05,0.0,,,,,,,,,,,,,,,,,,,,,,,,,,,,,,,,,,,,,,,,,,,,,,,,,953.0,6.0,2.0
4342,410.572052002,353.807312012,384.623596191,483.944976807,684.821655273,889.256286621,1284.8112793,1408.03735352,908.069824219,644.760681152,392.773376465,386.784759521,0.0170666668564,0.0102666663006,5.53351640701,119.755729675,252.707473755,477.364471436,787.365844727,920.37121582,486.06338501,238.820602417,0.0189166665077,0.0177333336323,38.0829353333,36.9992141724,41.4504165649,46.421295166,52.6221008301,49.7655143738,55.759147644,52.8700332642,52.115486145,53.7454490662,41.7488021851,40.2075157166,0.138216674328,0.116866670549,0.161449998617,0.404570817947,0.745599985123,1.22061669827,1.94043338299,2.18638324738,1.24944996834,0.689266681671,0.150566667318,0.160983338952,,,,,,,,,,,,,7.35693311691,6.73839998245,7.88501644135,7.18084573746,7.63065004349,6.69758367538,6.57814979553,7.37431669235,7.25311660767,8.23073387146,7.69023323059,8.01418304443,1316.0,8.0,3.0
4505,703.46472168,627.152038574,626.107177734,742.701782227,892.663696289,1171.24389648,1346.82189941,1499.59460449,1221.56176758,780.07434082,882.264160156,741.385498047,17.3792324066,19.5555515289,19.5841827393,142.239151001,240.170547485,439.308441162,553.79119873,618.921386719,418.334960938,215.245513916,65.0919342041,35.2244644165,,,,,,,,,,,,,,,,,,,,,,,,,19.9644012451,27.0949668884,35.5114173889,41.3261985779,32.0233154297,25.5344333649,35.0214347839,37.7154655457,49.9035148621,34.1352005005,94.4211044312,32.1624832153,,,,,,,,,,,,,1580.0,3.0,2.0
4767,882.65246582,903.42590332,918.211853027,850.790527344,1101.60119629,1433.20214844,1684.14404297,1662.16882324,1421.9855957,1179.01208496,889.355041504,915.273803711,2.55243325233,13.1730499268,5.54504966736,112.231262207,266.242980957,621.077636719,791.807983398,856.899597168,578.149658203,352.793640137,6.48578310013,4.57691669464,39.1203994751,36.7935142517,46.7571334839,44.667766571,56.5804176331,54.435333252,59.0738182068,51.7251853943,53.1174354553,51.5174331665,36.6223335266,,7.34258365631,8.56036663055,7.31411647797,8.24193382263,9.47695064545,7.38938331604,11.6827497482,5.21981668472,7.90620040894,9.86420059204,9.74304962158,,,,,,,,,,,,,,,,,,,,,,,,,,2500.0,10.0,2.0
4874,663.672546387,510.854064941,619.95690918,608.139038086,1173.22766113,1450.07495117,1719.34692383,1858.51098633,1226.85241699,953.623535156,573.95916748,598.062683105,25.0734844208,2.51659989357,8.5952835083,88.515296936,325.999389648,741.545959473,980.786499023,1175.48950195,632.18939209,305.783538818,2.17423343658,1.91331660748,53.6068153381,50.2893829346,65.376449585,58.7586326599,67.0211029053,59.8005523682,61.47706604,63.1396026611,38.8057327271,61.8474349976,56.5680007935,55.5635490417,13.3371334076,12.8448495865,23.9593677521,19.9633159637,24.1342830658,23.3486995697,20.4570503235,20.2856178284,11.0392665863,18.9210510254,16.9035835266,16.0828819275,80.1540145874,77.5796508789,112.955848694,73.2572631836,97.8484268188,102.224487305,89.6035308838,75.6331176758,77.5634155273,92.3747024536,103.280250549,113.842880249,4.84639978409,4.82590007782,8.53791713715,5.46453332901,6.31271696091,7.30108356476,6.6985001564,5.96146678925,4.0450334549,7.51314973831,7.57523345947,7.34110021591,2100.0,7.0,2.0
4922,697.088378906,593.101745605,423.038574219,303.059692383,352.777587891,505.250671387,616.71307373,610.168579102,475.203094482,367.978729248,458.430053711,497.253051758,270.295379639,179.387954712,108.40436554,51.1160011292,87.8040008545,236.707778931,326.494232178,351.624389648,209.078079224,108.715568542,151.178848267,202.476409912,,,,,,,,,,,,,12.5970497131,9.6263666153,9.82884979248,8.34834957123,8.12058353424,7.17360019684,10.8003664017,5.93621683121,6.99906635284,5.71289968491,10.43034935,6.80113315582,40.8431167603,38.8295326233,57.6585502625,41.1656341553,43.8252487183,36.9467849731,43.0993003845,23.509267807,43.8111190796,39.8413658142,53.8937797546,48.7281837463,5.8154335022,5.27460002899,6.23186683655,5.38164997101,6.21966648102,4.96899986267,6.69966650009,3.98993325233,5.6060333252,5.13708353043,5.91750001907,4.55831670761,2200.0,8.0,2.0
4957,1556.27502441,1475.17224121,1440.03808594,1609.65344238,1867.24389648,2540.75024414,2584.4765625,2834.30175781,2427.40869141,2068.60644531,1435.80151367,1743.57507324,26.0594329834,24.8200836182,32.0087165833,65.9067306519,153.749511719,363.953094482,486.451934814,585.391052246,421.046966553,249.788635254,37.9917869568,29.9046993256,52.7753829956,46.8666687012,51.4463653564,55.4384841919,62.0202331543,63.0647659302,58.7080154419,59.9951019287,65.6851806641,59.2368659973,51.3627357483,53.984500885,12.0427503586,10.1086835861,10.5375995636,12.0994663239,10.7665996552,9.44880008698,7.7659163475,9.43358325958,8.53053283691,10.0993833542,10.0867338181,10.5207004547,132.660324097,75.3025894165,76.2375183105,95.1315155029,66.6284866333,78.1767501831,107.047996521,69.4073638916,97.5790023804,89.1895446777,83.5484390259,85.1425476074,4.63789987564,2.65888333321,3.20480012894,3.952450037,3.15588331223,3.88435006142,7.18396663666,4.81571674347,4.95103311539,4.06549978256,4.05893325806,3.81311678886,3300.0,13.0,5.0
4998,715.706604004,820.934448242,759.199462891,906.259155273,1156.87365723,1553.99865723,1770.82434082,2007.93566895,1533.14379883,1221.52661133,629.286560059,780.74798584,0.00930000003427,2.86930012703,13.6706504822,135.925094604,329.357055664,666.678161621,792.300354004,952.491210938,598.505065918,374.763153076,8.05875015259,17.1291999817,44.3715362549,44.3000144958,52.0684165955,55.7716674805,60.4277648926,62.2372512817,64.7577133179,71.8899307251,66.9561004639,67.9206314087,57.8252487183,60.6099853516,4.45233345032,5.84201669693,4.82749986649,3.8967666626,4.49751663208,5.54930019379,5.98498344421,6.76556682587,8.03468322754,6.17539978027,2.55768346786,6.89913320541,,,,,,,,,,,,,4.68986654282,7.9061331749,3.55410003662,2.64208316803,3.95951652527,5.39201641083,2.87194991112,2.79446649551,4.19191646576,3.35088324547,4.71695041656,3.06086659431,2600.0,4.0,2.0
5026,1056.00720215,802.543395996,812.538085938,1165.25512695,1597.05163574,2536.46166992,2767.86865234,3304.75585938,2779.19921875,1997.44836426,916.585021973,1090.30395508,5.9250497818,18.2220516205,22.9062175751,226.710449219,519.038146973,1250.52160645,1519.45080566,2152.99682617,1583.59350586,920.391418457,29.6321334839,12.1664505005,26.3808345795,,,,,,,,,,,,0.0382000021636,0.0249333325773,0.0250000003725,0.0160166658461,0.027833333239,0.0337000004947,0.0243666674942,0.0154833337292,0.0180333331227,0.0292833335698,0.0147500000894,0.00980000011623,78.6524810791,65.325668335,83.8743515015,77.9721603394,61.8201828003,68.377571106,57.9188499451,51.55651474,62.1798019409,63.5175170898,58.5590171814,56.4878845215,5.05126667023,4.31161689758,5.03698348999,5.82425022125,4.87050008774,6.7719502449,5.3984503746,7.64363336563,9.54084968567,7.29496669769,5.34945011139,5.1970334053,1480.0,7.0,2.0
5209,415.311981201,492.386322021,542.313110352,609.38067627,689.555603027,875.785095215,967.063659668,1144.71862793,876.086914062,845.786560059,429.825683594,504.532043457,2.3412334919,21.4694328308,28.0705833435,73.5732955933,102.326118469,202.972824097,232.387969971,298.027404785,194.766647339,143.418197632,5.34596681595,10.38331604,51.3835678101,41.0626678467,54.9429168701,58.5680160522,66.8580703735,66.4131011963,63.4095344543,65.4521331787,59.0586166382,64.745803833,56.1666030884,63.5833969116,20.9397506714,16.8041324615,22.7565174103,18.5742168427,16.3796157837,13.7593326569,11.16056633,13.1509008408,11.2232999802,17.0189819336,15.0177335739,18.1730175018,,,,,,,,,,,,,2.90231657028,3.14019989967,3.0748000145,3.26939988136,3.53593325615,3.03958320618,2.83769989014,2.86089992523,2.37925004959,2.54891681671,1.99290001392,2.96614980698,1670.0,4.0,3.0
5218,577.75958252,380.729980469,471.457824707,399.383209229,498.742340088,567.056518555,634.906860352,717.319580078,681.237670898,521.767883301,499.469787598,674.888305664,181.853363037,57.9947166443,123.695793152,45.6588363647,67.6870346069,95.6020278931,170.631271362,188.669754028,141.039535522,98.4797821045,116.640014648,141.701751709,31.6899490356,27.9709815979,32.6762313843,36.7570953369,40.9739837646,42.1068496704,42.3805503845,43.6291313171,43.9820175171,38.776134491,32.9995002747,34.6661338806,,,,,,,,,,,,,,,,,,,,,,,,,,,,,,,,,,,,,2050.0,10.0,1.0
5357,2782.40576172,2588.46459961,2362.1105957,2100.52197266,3024.28173828,3031.58154297,3196.10571289,3196.34814453,2591.93432617,2595.40576172,2386.35644531,2577.91210938,867.530822754,734.555480957,411.688812256,299.601043701,611.504760742,1156.84960938,1334.98510742,1450.0255127,977.773254395,597.195800781,413.190032959,458.900482178,44.7132148743,39.8880004883,41.9206314087,41.8782501221,47.2483329773,47.1785507202,53.8781852722,53.4091186523,50.7902145386,45.6528015137,33.3091163635,37.519618988,21.6230659485,20.2596168518,17.9956665039,17.8341178894,20.9230175018,15.3681669235,13.7861175537,14.0092000961,13.6218500137,13.0216999054,11.5707168579,14.2073669434,,,,,,,,,,,,,6.9251332283,5.48093366623,5.8250837326,5.45126676559,4.73791646957,4.85261678696,6.31734991074,6.87858343124,7.64050006866,4.96968317032,3.91285014153,4.98050022125,3200.0,7.0,5.0
5439,382.358184814,320.750427246,344.917907715,341.462799072,426.640350342,700.29095459,931.90045166,1022.21636963,641.589416504,449.184051514,368.815612793,385.397521973,,,,,,,,,,,,,,,,,,,,,,,,,,,,,,,,,,,,,,,,,,,,,,,,,,,,,,,,,,,,,1700.0,8.0,2.0
5673,1955.85705566,1714.84106445,1501.22399902,1415.25317383,1583.90539551,1736.04309082,1670.77575684,2069.88623047,1744.40808105,1449.23706055,1285.37890625,1616.48083496,628.576660156,522.564453125,365.168182373,308.675476074,444.181121826,732.322265625,814.512573242,1027.30236816,703.421081543,458.423797607,261.315063477,245.652557373,,,,,,,,,,,,,,,,,,,,,,,,,82.1363525391,64.0128479004,69.8671340942,60.6672325134,49.1744346619,55.3572654724,40.3284645081,32.2822151184,35.3268661499,39.9422492981,68.4752044678,69.3028106689,,,,,,,,,,,,,1900.0,6.0,5.0
5677,371.763366699,313.726348877,284.6277771,321.171905518,381.536956787,702.799621582,803.24432373,939.036315918,657.771362305,423.186828613,269.167022705,314.170593262,0.00321666663513,0.632116615772,8.10593318939,82.9080886841,140.887649536,388.95413208,465.988739014,551.179870605,349.74697876,157.782012939,4.54126644135,2.41781663895,,,,,,,,,,,,,,,,,,,,,,,,,,,,,,,,,,,,,1.47593331337,1.21210002899,0.977383375168,1.29843330383,1.41328334808,1.30269992352,1.00978326797,1.3397500515,0.960216701031,1.13139998913,1.66821670532,2.44033336639,997.0,6.0,1.0
5746,780.908691406,581.457763672,595.733398438,727.113586426,879.254821777,1321.07873535,1491.43664551,1740.66894531,1310.61865234,924.944396973,681.510009766,844.912109375,2.86193323135,3.34856653214,9.62681388855,126.401916504,248.297531128,561.114196777,656.649780273,763.408081055,452.665740967,231.412780762,3.37761664391,2.92393326759,,,,,,,53.4832839966,61.2384185791,57.585899353,58.9936676025,49.3387145996,51.2295150757,,,,,,0.0892130658031,5.95171689987,4.63975000381,4.44049978256,4.44724988937,8.38523292542,7.72788333893,0.325899988413,0.0315499976277,0.0383166670799,0.23465000093,0.370583355427,0.936500012875,0.101083338261,,,,,,,,,,,,1.78740000725,4.38933372498,4.29251670837,1.62395012379,2.80286669731,2.41518330574,1768.0,9.0,3.0
5785,488.328643799,416.773803711,669.635742188,692.811950684,826.928649902,885.317871094,1172.03894043,1389.31445312,950.426818848,565.355834961,362.1902771,389.723571777,0.114066667855,0.304416656494,4.39829969406,62.9473686218,166.45223999,404.710388184,644.844482422,829.205749512,457.39630127,176.702835083,0.668299973011,0.0748833343387,,,,,,,,,,,,,,,,,,,,,,,,,33.0062866211,30.4183006287,36.0348510742,25.3282318115,27.8845844269,14.7912836075,25.2006835938,24.2132492065,27.1718673706,26.2838497162,26.5095481873,27.5342826843,,,,,,,,,,,,,1900.0,11.0,2.0
5814,298.3465271,224.037277222,239.229232788,298.592285156,405.636322021,633.040710449,751.24029541,808.889526367,512.505737305,427.024536133,242.126083374,270.521209717,0.01516666729,0.299400001764,2.09343338013,60.3988990784,133.344284058,328.022644043,420.576507568,488.439880371,248.769256592,160.877334595,1.78231668472,0.757266640663,,,,,,,,,,,,,,,,,,,,,,,,,,,,,,,,,,,,,,,,,,,,,,,,,1060.0,6.0,2.0
5817,785.246887207,680.043151855,723.544799805,857.922119141,1006.2510376,1393.65734863,1618.3392334,1529.88952637,1419.91687012,1114.84106445,743.08581543,732.741882324,,,,,,,,,,,,,,,,,,,,,,,,,,,,,,,,,,,,,,,,,,,,,,,,,,,,,,,,,,,,,1908.0,10.0,4.0
6072,770.018188477,710.014892578,634.936706543,747.949645996,925.735351562,1275.57324219,1427.5814209,1650.39489746,1279.39331055,949.616516113,839.222106934,891.884033203,0.0061666672118,0.0059333331883,3.67748332024,40.5875358582,97.7135848999,403.161437988,494.997772217,638.558410645,315.344696045,116.636238098,0.723749995232,0.243633329868,86.2969818115,79.4886322021,86.0179138184,95.2638397217,111.913269043,133.498825073,174.38494873,167.811584473,167.811813354,154.168045044,138.384048462,144.163986206,0.0372500009835,0.0167333334684,0.0132166659459,0.0480333343148,0.0751499980688,0.278016656637,0.0959333330393,0.0364500023425,0.0127499997616,0.00320000015199,0.00946666672826,0.0154999997467,73.7897491455,84.2925338745,43.2929344177,35.91796875,47.4305152893,46.2093162537,57.023147583,22.2640991211,34.6580352783,42.0358657837,55.0180511475,39.1638832092,,,,,,,,,,,,,1700.0,8.0,2.0
6121,410.02041626,1131.90441895,897.897338867,1006.50085449,1053.06604004,1487.25036621,1560.96838379,1800.47619629,1400.71899414,1107.68994141,928.888793945,851.864074707,,,,,,,,,,,,,33.7352485657,30.9219818115,34.7952842712,41.0073661804,44.3746032715,46.5772132874,45.5493812561,45.3001327515,46.4164161682,44.0911026001,34.1987495422,36.0923843384,11.1615829468,9.01113319397,7.10276651382,10.0478658676,7.27963352203,7.60319948196,6.21463346481,6.89986658096,11.0589332581,10.7071504593,9.34271717072,6.91038322449,10.3813838959,34.3581161499,40.3640365601,30.1849994659,29.3790149689,41.5093040466,34.4146995544,25.7859344482,23.3416500092,29.6463336945,20.6312503815,62.6930999756,,,,,,,,,,,,,2200.0,3.0,4.0
6139,862.11932373,768.535400391,826.950622559,737.47479248,1011.02416992,1314.9810791,1418.84936523,1687.30554199,1162.39428711,1164.98901367,871.048950195,795.26763916,38.5460357666,28.0860996246,18.4642505646,35.2883338928,119.162200928,363.579193115,505.17376709,644.346008301,325.822875977,212.166168213,20.5563831329,28.1984672546,,26.172000885,52.0872993469,53.6922340393,64.4259490967,67.3780822754,62.8588981628,64.4625015259,63.8064346313,77.1203536987,54.9136695862,51.6733512878,39.0898513794,35.1748504639,30.338684082,25.794216156,28.8325157166,28.1043491364,19.7059001923,24.9651832581,29.3815002441,44.8406829834,31.5369338989,23.9523830414,73.4792938232,64.2771835327,82.342880249,42.7950668335,66.4734115601,60.250831604,59.4241828918,67.6449966431,47.9654502869,81.1269836426,63.5217514038,61.2612991333,7.77638339996,6.37173318863,8.05284976959,5.61920022964,7.1329164505,6.17545032501,6.9716835022,7.52413320541,6.28681707382,8.43109989166,7.06326675415,6.82389974594,2800.0,9.0,5.0
6266,670.292907715,547.948547363,615.652282715,718.85949707,891.547851562,1365.19128418,1409.16247559,1827.83959961,1378.55969238,1185.58300781,600.060180664,618.774902344,,,,,,,,,,,,,,,,,,,,,,,,,,,,,,,,,,,,,,,,,,,,,,,,,,,,,,,,,,,,,2300.0,4.0,1.0
6636,289.41796875,257.762237549,239.336959839,245.383239746,302.851074219,845.952758789,862.96105957,1138.43664551,682.074035645,459.536621094,258.737915039,306.567199707,0.0438333302736,0.0487166680396,0.038366664201,21.1848831177,82.9954681396,541.17791748,551.84777832,790.412597656,391.563110352,180.050582886,0.0286499988288,0.0604666657746,69.6817626953,62.7853660583,68.432472229,70.5002059937,74.7127532959,77.4892883301,78.1156463623,81.2203216553,77.4812316895,79.2735290527,68.0134963989,86.6481018066,1.53920006752,2.31703329086,1.53640007973,1.54501664639,0.77156662941,2.28988337517,0.777216672897,2.25111675262,0.768116652966,2.3029499054,1.55643332005,2.37143325806,20.0188827515,23.9533348083,18.6574001312,19.089515686,9.78945064545,18.107049942,10.777633667,20.9720153809,18.739982605,12.316983223,14.2662172318,26.3659820557,,,,,,,,,,,,,2000.0,7.0,1.0
6692,779.942871094,634.369934082,625.925170898,544.235778809,850.26739502,1308.58337402,1492.55639648,1612.93371582,1214.08642578,976.448120117,684.138916016,664.461914062,0.0617999993265,0.0505999997258,7.88863325119,45.5839500427,241.883270264,633.351623535,789.594665527,907.109069824,566.113647461,306.436126709,0.265299975872,0.0186499990523,45.8561477661,42.9608154297,48.936882019,49.9622993469,59.0769844055,58.7466697693,60.5513305664,57.6081466675,57.8293991089,60.0030670166,51.5643997192,48.3655357361,4.77231693268,5.88081693649,6.67761659622,3.1834499836,4.87461662292,3.68586659431,3.16913318634,2.8883497715,3.82293343544,5.49650001526,6.51679992676,4.39121675491,,,,,,,,,,,,,3.70371675491,2.57030010223,4.19233369827,2.91051650047,2.002866745,2.76846647263,3.215883255,3.6398832798,3.58991670609,3.64266657829,4.46451663971,3.93720006943,2500.0,8.0,2.0
6910,677.253051758,477.077148438,602.512084961,700.675048828,739.691894531,1062.62866211,1524.81481934,1577.03051758,1325.0871582,900.950500488,675.376464844,846.284240723,1.74021673203,4.62408351898,5.25531625748,92.1717376709,124.085029602,349.121520996,502.366363525,436.41583252,293.509490967,166.391189575,136.041107178,117.980354309,67.4449310303,54.4784851074,59.4308815002,59.4929351807,63.5343513489,65.9100723267,67.991645813,52.6956329346,9.79911613464,56.9149169922,40.2710151672,48.6246337891,11.2637338638,7.66821670532,11.1339168549,10.8996334076,11.7552661896,10.241900444,10.19008255,3.45945000648,0.00138333335053,2.97923350334,12.5082998276,24.34806633,,,,,,,,,,,,,,,,,,,,,,,,,2698.0,12.0,4.0
7016,1575.49621582,1321.97387695,1671.5871582,1798.99255371,2364.37866211,2516.61083984,3339.0078125,2252.40991211,3170.15600586,2301.8894043,1446.28393555,2164.17993164,,1.61298322678,23.590883255,19.0728034973,17.5731506348,17.3726081848,13.1345329285,9.15565776825,9.42018318176,12.102232933,26.9300842285,36.9096336365,,30.4066829681,102.909767151,101.825233459,110.628349304,100.59085083,108.373031616,109.840682983,92.9320831299,103.128105164,100.937683105,105.724647522,,5.47661685944,23.2600517273,19.2969341278,22.0661506653,13.1513671875,21.5263824463,23.3698501587,15.2012586594,17.9368667603,22.7065505981,25.4990329742,,26.7782020569,71.4108963013,72.5487060547,62.5176696777,47.7010803223,69.5637969971,57.3503303528,64.592414856,56.4718666077,67.788848877,56.3592338562,,3.70581674576,11.3396673203,12.7722330093,12.2455501556,11.5334339142,21.1953334808,12.4659833908,13.9893331528,17.9221839905,18.3051166534,11.8855667114,2600.0,10.0,4.0
7319,661.103027344,533.077148438,524.106384277,566.336303711,699.63092041,1029.6138916,1127.5567627,1525.73144531,977.069885254,756.958435059,522.974487305,788.445007324,0.872366726398,0.597416698933,2.22158336639,25.0669822693,115.02268219,364.06338501,477.860351562,564.677001953,346.923583984,159.882705688,0.948249995708,0.65909999609,48.40026474,49.3543968201,56.4332847595,60.3603172302,67.0535430908,68.9518356323,68.9962158203,71.4963684082,66.5010986328,69.4323196411,55.6811676025,58.726764679,,,,,,,,,,,,,,,,,,,,,,,,,,,,,,,,,,,,,2900.0,9.0,2.0
7390,306.522857666,262.071350098,264.021881104,277.448150635,348.83404541,531.006347656,564.964233398,735.16986084,441.338409424,351.763824463,259.674438477,244.664077759,0.00248333346099,0.00279999990016,0.00133333331905,17.7155838013,65.8039550781,213.113586426,257.552185059,375.231231689,169.728210449,79.4348526001,0.00351666659117,0.00268333335407,,,,,,,,,,,,,,,,,,,,,,,,,,,,,,,,,,,,,,,,,,,,,,,,,2100.0,3.0,2.0
7429,616.375366211,582.024963379,623.225219727,902.161682129,1075.40808105,1507.73168945,1635.07336426,1818.90039062,1447.72192383,1043.24255371,594.660888672,682.456481934,,,0.281899988651,199.416412354,432.023223877,811.944702148,940.015319824,1089.16870117,750.100585938,433.609741211,21.8833827972,21.5987319946,,,,,,,,,,,,,,,,,,,,,,,,,,,,,,,,,,,,,,,,,,,,,,,,,2500.0,9.0,2.0
7731,451.377624512,390.577178955,386.03414917,489.543395996,647.393676758,1031.29650879,1177.66577148,1344.95544434,971.409057617,694.271362305,320.82019043,366.68560791,0.00126666668802,3.26768326759,9.14078330994,106.957481384,227.563842773,523.422424316,652.031982422,788.139099121,490.84664917,277.973114014,3.20811676979,0.000366666674381,,,,,,,,,,,,,,,,,,,,,,,,,88.7422332764,68.0220336914,61.3616333008,71.0279006958,60.2883682251,55.9718170166,56.3170661926,50.197883606,46.9448471069,44.56508255,49.133934021,55.3818511963,,,,,,,,,,,,,2120.0,8.0,3.0
7741,915.415405273,652.594177246,715.907348633,746.845336914,981.687133789,1130.17883301,1201.6829834,1552.88769531,1067.54174805,754.063232422,718.328735352,1076.10559082,,,,,,,,,,,,,,,,,,,,,,,,,,,,,,,,,,,,,,,,,,,,,,,,,,,,,,,,,,,,,1840.0,12.0,2.0
7769,276.35345459,241.270324707,222.052825928,192.734268188,237.499603271,413.248565674,479.961181641,601.08605957,376.291564941,238.074249268,213.987594604,223.147720337,0.0470499992371,0.0476166680455,0.0670000016689,13.0660333633,41.5932655334,183.184768677,235.391784668,319.753082275,138.270111084,41.3147850037,0.0662333369255,0.0669333338737,31.8459339142,29.7030181885,37.4521179199,38.5522499084,45.6054496765,51.6832351685,51.8674507141,54.3647155762,50.0915145874,47.1717643738,34.8672637939,33.0317344666,6.3234167099,5.67556667328,7.22616672516,5.19558334351,6.33763313293,4.53723335266,5.1888666153,6.10716629028,5.92098331451,6.0423169136,8.7577495575,7.58235025406,68.5665130615,67.9202346802,55.4023513794,41.7910995483,37.9169998169,27.5806503296,29.6954994202,23.4866504669,36.6081314087,39.635383606,54.0523986816,60.1708984375,4.55754995346,4.74826669693,4.38246679306,3.06621646881,3.12919998169,3.24153327942,3.52813339233,3.64205002785,3.16108322144,2.84551668167,3.65470004082,3.01764988899,960.0,6.0,2.0
7866,315.149291992,229.093505859,237.387863159,357.238128662,393.295440674,672.159179688,613.851318359,745.224243164,438.612731934,315.295623779,214.241973877,250.947952271,0.00646666670218,0.00659999996424,0.00325000006706,76.6744842529,90.8544998169,320.581329346,341.197937012,432.145904541,199.848144531,75.4565124512,0.0212333332747,0.0253500007093,32.510684967,30.1474666595,29.1888160706,42.5154190063,47.8444862366,47.4631309509,44.6277503967,48.2759475708,40.6537513733,40.9249343872,30.5267677307,31.345916748,,,,,,,,,,,,,54.0205154419,32.8591995239,35.0159988403,32.3918151855,31.2659816742,31.0717010498,17.0019493103,16.5680160522,16.7494335175,24.2006168365,31.784116745,51.8323020935,5.24078321457,2.70044994354,3.07210016251,3.75931668282,2.7677500248,3.21488332748,1.3831833601,2.80841684341,1.68936669827,3.38326668739,2.2148001194,3.06973338127,1100.0,4.0,3.0
8142,741.515808105,826.558105469,858.637023926,794.828063965,863.03894043,1248.32165527,1354.35876465,1486.84326172,795.269226074,928.411743164,1034.1854248,1097.67492676,0.0616214685142,0.0901666656137,0.101283334196,25.7132167816,84.0482254028,394.951477051,528.242919922,656.995910645,297.019226074,107.730072021,0.145416676998,0.112816669047,28.061750412,30.9577159882,35.2989654541,38.2011985779,48.2382850647,52.1383018494,51.5019187927,52.8361854553,42.9071006775,42.3263320923,31.3210334778,29.8495502472,5.69523334503,8.47183322906,8.84676647186,7.6720662117,10.5873165131,12.7020330429,9.887383461,11.0740003586,5.61893367767,9.23795032501,12.2644338608,7.44353342056,25.6948318481,39.3757362366,49.8884658813,31.9966506958,36.5875816345,28.6544818878,23.2512683868,19.284948349,17.3350505829,27.1276988983,45.9252357483,36.3719329834,3.56760001183,3.414249897,4.19461679459,2.55135011673,3.85130000114,3.22323346138,3.67623329163,4.13781642914,1.8477499485,3.12719988823,4.92904996872,4.12633371353,3300.0,15.0,2.0
8236,416.202606201,377.980834961,397.945037842,463.722839355,658.790405273,999.321533203,983.300537109,1300.74536133,941.957580566,755.148681641,548.714904785,663.637573242,0.219716668129,0.926716685295,3.01771664619,93.0179519653,227.647781372,513.972961426,533.068725586,778.900268555,485.205108643,304.840454102,1.69410002232,0.388833343983,36.0097999573,37.524684906,41.7242851257,46.2555160522,54.7293167114,54.1973304749,57.0355148315,56.9016838074,54.4912338257,55.4976844788,43.0787353516,42.4683685303,13.0559835434,9.63111591339,21.5214500427,18.2855987549,17.6910514832,16.029499054,14.8734340668,16.7598819733,16.1773834229,15.0930500031,18.1440505981,20.0888671875,,,,,,,,,,,,,6.9950671196,6.86804962158,6.1919503212,6.31710004807,7.99241685867,8.52263355255,6.03991651535,6.6263666153,3.95378351212,6.22310018539,7.48598337173,7.61238336563,1950.0,3.0,4.0
8317,533.883117676,489.79977417,533.839416504,557.772338867,688.437011719,882.893432617,977.172668457,1056.22973633,833.272644043,696.319335938,482.607208252,527.468078613,,,,,34.9593658447,356.392547607,430.25112915,507.299835205,342.241424561,212.210083008,12.4352998734,5.06493377686,,,,,,,,,,,,,,,,,,,,,,,,,,,,,3.61266684532,38.0206336975,43.8750305176,38.8540496826,49.4487838745,37.8519859314,49.353767395,66.563293457,,,,,,,,,,,,,1576.0,9.0,2.0
8626,835.184875488,752.029296875,723.427124023,486.845092773,591.674926758,826.174255371,959.633300781,988.76940918,769.510375977,698.030151367,520.335021973,602.449707031,,,,,,,,,,,,,,,,,,,,,,,,,,,,,,,,,,,,,,,,,,,,,,,,,,,,,,,,,,,,,3500.0,12.0,2.0
9052,594.981567383,470.099700928,522.641296387,214.629669189,769.992858887,1215.39208984,1501.40637207,1730.4276123,1198.03295898,956.342834473,518.408447266,567.636657715,,,,46.1768531799,241.687515259,612.969360352,817.397460938,984.348449707,581.316040039,349.329101562,8.02436637878,0.465149998665,,,,,,,,,,,,,,,,,,,,,,,,,,,,22.4724674225,116.09777832,101.245323181,127.298530579,146.704971313,118.15146637,113.957817078,120.583267212,123.998451233,,,,,,,,,,,,,2400.0,12.0,4.0
9215,27.7901668549,419.50189209,424.831787109,473.531219482,564.901123047,624.81463623,780.346435547,986.609619141,668.596740723,520.28704834,506.951385498,550.827392578,0.0349166691303,0.396516650915,4.04726648331,73.4711456299,141.64100647,237.00604248,321.728485107,426.660186768,223.38180542,108.607246399,4.94936656952,4.16388320923,2.7951002121,44.6363677979,50.2865524292,52.7075500488,55.259147644,53.4290504456,56.4039840698,60.0400505066,57.9562149048,52.4208984375,52.7589187622,60.0859985352,1.57331669331,30.6544494629,21.7491168976,23.1361999512,21.1823005676,20.1943016052,23.5783348083,26.7283821106,21.3036842346,17.6762332916,29.6731834412,31.7229003906,2.16828346252,33.2892150879,49.3261489868,24.7053012848,20.463684082,19.017999649,21.7146663666,27.4866828918,15.8780660629,15.6866836548,18.8087329865,31.4669494629,15.9600496292,233.714981079,242.600021362,191.390106201,1.98546671867,1.88341665268,2.13951659203,3.25408315659,2.25716686249,1.79113328457,2.1601498127,2.9320166111,2000.0,7.0,2.0
9578,73.628364563,58.4394493103,74.6247787476,77.9549102783,125.250099182,575.750610352,628.584533691,725.755004883,469.051147461,345.963531494,197.187469482,202.580169678,0.0,0.0,0.0,0.0,38.1117324829,375.882446289,441.757843018,524.383666992,302.122528076,170.651779175,8.0906829834,0.00555000035092,,,,,,,,,,,,,,,,,,,,,,,,,0.001916666748,0.0,0.00054999999702,0.000300000014249,0.0950833335519,24.8417167664,12.8275661469,7.38039970398,10.067150116,18.4111652374,35.1373023987,29.3258495331,0.563966691494,0.758083283901,0.856249988079,0.406700015068,0.844349980354,0.73153334856,0.282033324242,0.159483343363,0.416916668415,0.490600019693,1.54121673107,1.14031660557,825.0,5.0,1.0
9609,1200.10925293,915.964660645,731.539733887,562.753356934,635.512817383,839.017028809,1281.56469727,1339.95617676,932.833618164,396.890350342,742.234313965,901.206665039,0.0247499998659,0.0151833333075,0.0326333343983,41.6077651978,123.295837402,282.788848877,489.280944824,597.634155273,335.52557373,52.9497146606,0.0270000007004,0.022066667676,,,,,,,,,,,,,,,,,,,,,,,,,,,,,,,,,,,,,,,,,,,,,,,,,1080.0,5.0,1.0
9647,2381.53808594,2406.54248047,2028.95983887,1025.31982422,2200.59130859,2563.09545898,2863.87719727,2932.22900391,3204.66040039,2840.93286133,1976.39453125,1850.61584473,42.2916984558,30.8550167084,28.3846321106,94.0867996216,182.809646606,496.583740234,560.775512695,614.88079834,485.701782227,222.047668457,28.5895843506,41.1441001892,50.2324333191,47.8718338013,53.843536377,69.5803375244,74.3932037354,72.7629165649,71.3597488403,71.193901062,73.1502380371,75.1495437622,64.3895187378,56.3712844849,13.4915332794,16.982334137,13.8343496323,14.7402830124,17.6058826447,14.0725498199,9.53800010681,10.2649669647,21.2982826233,23.3622837067,17.6627998352,10.2866840363,,,,,,,,,,,,,8.80115032196,9.65568351746,9.35868358612,11.9653663635,11.1444168091,10.9492664337,7.92086648941,8.24821662903,12.4615497589,12.2553329468,11.7439174652,8.62711620331,3100.0,12.0,4.0
9912,612.207458496,570.754882812,402.70022583,293.004821777,313.354034424,315.250030518,387.966369629,464.684417725,415.856658936,370.174133301,360.436096191,374.105804443,0.0800999999046,2.58201670647,0.872700035572,3.37960004807,25.141834259,69.3149719238,96.0205001831,149.052352905,112.91746521,81.4652175903,7.7638335228,5.20728302002,24.1064167023,21.3709163666,22.8187332153,24.8303012848,27.9450511932,29.4385662079,28.7985839844,32.0706176758,30.9939155579,30.3653831482,25.5196838379,24.458234787,1.41155004501,3.43033313751,2.07141685486,1.44571661949,1.47193336487,0.47228333354,1.43583333492,1.8600666523,1.95261669159,2.45209980011,2.94613337517,2.41783332825,54.6726837158,39.2923164368,22.7038497925,17.6236495972,19.8251667023,16.6052684784,16.4360332489,19.1129817963,16.4452838898,18.6520996094,22.2364330292,23.7386989594,3.00758314133,2.73041677475,1.83219993114,1.83586657047,1.97206664085,1.75873327255,1.70138335228,1.68735003471,1.67616665363,2.04083347321,1.99516665936,2.50444984436,0.713,2.0,1.0
9922,1598.87890625,1390.85217285,1641.72106934,1683.98156738,646.25994873,986.034851074,2531.62524414,2516.55224609,1013.46417236,919.823059082,1558.30273438,1683.02819824,2.40856671333,32.990486145,52.1693840027,160.028274536,94.7887954712,310.655578613,679.529541016,771.087890625,308.372406006,161.686019897,14.197016716,22.2959327698,,,,,,,,,,,,,11.9312171936,10.4047670364,11.4613161087,14.0029335022,0.821483314037,0.0,12.9274501801,12.4281330109,1.85039997101,3.85788321495,13.3055000305,15.9806671143,73.9629669189,65.2436294556,78.0530853271,64.7030029297,11.6499671936,0.0,72.2840499878,70.4057998657,21.3032169342,17.2295665741,87.8804855347,96.4066619873,7.22214984894,6.81886672974,7.93273353577,6.88914966583,1.3342499733,0.0,7.68845033646,7.35078334808,2.24555015564,1.98628330231,9.27341651917,9.73470020294,2300.0,5.0,2.0
9931,167.60043335,165.95022583,138.188522339,219.947189331,285.513427734,191.951553345,568.202636719,576.020446777,404.878387451,331.970214844,206.639816284,146.642944336,37.3256835938,43.4133834839,25.778717041,87.3004837036,143.343048096,94.4394836426,327.316833496,343.800689697,223.675033569,152.548843384,41.6342010498,13.9662504196,25.4912166595,24.6805839539,26.3812332153,27.5536327362,30.0148010254,27.2957000732,36.0819854736,34.7581481934,34.6783180237,34.1406478882,26.9807167053,23.6501655579,,,,,,,,,,,,,,,,,,,,,,,,,,,,,,,,,,,,,816.0,2.0,3.0
9982,330.802337646,285.298522949,278.491577148,366.379638672,466.776824951,764.19744873,833.317504883,1077.18041992,756.499694824,546.791442871,323.729766846,383.294555664,0.0,0.0,0.521399974823,36.6076316833,115.083450317,325.88571167,398.898468018,561.580810547,324.993103027,154.531707764,0.552216649055,0.0,37.8785171509,35.4862670898,43.5601997375,59.108417511,65.1938552856,71.0061340332,65.8682785034,61.8454170227,62.5288505554,59.735748291,44.4826850891,45.8882675171,15.4363327026,15.8398838043,12.6172504425,15.5180664062,16.8316173553,15.2909832001,10.3948163986,13.4146671295,15.3152666092,15.3000164032,18.8185997009,19.8075008392,,,0.10474999994,44.1101341248,42.7506828308,46.3629188538,26.2471179962,30.9753494263,37.9359855652,30.3631839752,48.3789825439,70.3365325928,2.60080003738,2.45646691322,1.44513332844,19.8698501587,1.72300004959,5.10180044174,1.00108325481,10.3360004425,2.16729998589,1.27436673641,2.08360004425,2.47789978981,1400.0,4.0,4.0
